keywords ,_realyear ,year ,_series ,_title ,_ref_code ,_source ,id 
  ,1625,1620,Band 11: Svenska planteboken (Örnehufvud) ,12. Borekholms huus På Öland Anno 1625. ,SE/KrA/0414/0011/0012 ,"Handritade Kartverk, Band 11: Svenska planteboken (Örnehufvud), SE/KrA/0414/0011/0012 (1625) ",K0024250_00001 
  ,1635,1630,Band 28: Topographica practica (Getkant) ,6. Mewae Situs Conscriptus Anno 1635. Quartir der Königlichen Artolleri wie sie A. 1635 Im Augusto dieses orts gelegen. [Mewe] ,SE/KrA/0414/0028/0007 ,"Handritade Kartverk, Band 28: Topographica practica (Getkant), SE/KrA/0414/0028/0007 (1635) ",K0024429_00001 
  ,1626,1620,"Band 12: Svenska och utländska slott, städer och fästen (Thomé) ",No 6. Marienburg Anno 1626. ,SE/KrA/0414/0012/0006 ,"Handritade Kartverk, Band 12: Svenska och utländska slott, städer och fästen (Thomé), SE/KrA/0414/0012/0006 (1626) ",K0024290_00001 
  ,1634,1630,Band 28: Topographica practica (Getkant) ,11. Delineatio Situs Pucensis Observata Anno 1634 20 Septemb:. [Putzig (NV Danzig/Gdansk) med kusten däromkring.] ,SE/KrA/0414/0028/0012 ,"Handritade Kartverk, Band 28: Topographica practica (Getkant), SE/KrA/0414/0028/0012 (1634) ",K0024434_00001 
  ,1648,1640,"Band 21: Ut- och inländska städer, slott, fästen m.m. (Dahlberg) ",N:o 38. Ritzen Berger Orth. ,SE/KrA/0414/0021/0055 ,"Handritade Kartverk, Band 21: Ut- och inländska städer, slott, fästen m.m. (Dahlberg), SE/KrA/0414/0021/0055 (1648) ",K0024400_00001 
  ,1680,1680,Band 13: Delineationer och grundritningar fästningar och fort (Dahlberg) ,406-407. Geometrisch Plaan och Delineation af Staden och fästningen Stralsundh. ,SE/KrA/0414/0013/0293 ,"Handritade Kartverk, Band 13: Delineationer och grundritningar fästningar och fort (Dahlberg), SE/KrA/0414/0013/0293 (1680) ",K0024386_00001 
  ,1699,1690,"Band 25: Plantas de diferentets plazas de Espania, Italia, Flandes, los Indias ",8. Planta De La Ciudad De Xeres De Los Cavalleros. ,SE/KrA/0414/0025/0009 ,"Handritade Kartverk, Band 25: Plantas de diferentets plazas de Espania, Italia, Flandes, los Indias, SE/KrA/0414/0025/0009 (1699) ",K0037912_00001 
  ,1648,1640,"Band 21: Ut- och inländska städer, slott, fästen m.m. (Dahlberg) ","N:o 73. Abriss des Dähnischen Lagers bey Mittel Farsundt, Welches von den Schwedischen Eingenommen undt Erobert Im Anfangk des Janüary Mon: Anno 1644. ",SE/KrA/0414/0021/0097 ,"Handritade Kartverk, Band 21: Ut- och inländska städer, slott, fästen m.m. (Dahlberg), SE/KrA/0414/0021/0097 (1648) ",K0024405_00001 
  ,1811,1810,"Band 32: Fästningar Västkusten och Skåne (Gillberg, Boman) ","2. Plan af Götheborgs Stad, och försvars Värck, sådane som de efter sista Nådiga approberade plan finnes. Stockholm den 24 April 1811. N: Ledergren Ritat af A. P. Boman. Lieutenant. ",SE/KrA/0414/0032/0002 ,"Handritade Kartverk, Band 32: Fästningar Västkusten och Skåne (Gillberg, Boman), SE/KrA/0414/0032/0002 (1811) ",K0038028_00001 
  ,1610,1610,Band 11: Svenska planteboken (Örnehufvud) ,8. Calmare Slott och Stadh. Anno. 1610. ,SE/KrA/0414/0011/0009 ,"Handritade Kartverk, Band 11: Svenska planteboken (Örnehufvud), SE/KrA/0414/0011/0009 (1610) ",K0024247_00001 
  ,1811,1810,"Band 32: Fästningar Västkusten och Skåne (Gillberg, Boman) ",4. Plan af Batterierne Rya Nabbe belägen vid segelleden till Götheborgs Skeppshamn. Stockholm den 24 April 1811. N: Ledergren Ritat af A. P. Boman. Lieutenant. ,SE/KrA/0414/0032/0004 ,"Handritade Kartverk, Band 32: Fästningar Västkusten och Skåne (Gillberg, Boman), SE/KrA/0414/0032/0004 (1811) ",K0038030_00001 
  ,1639,1630,Band 28: Topographica practica (Getkant) ,5. Mariaeburgum. Ichnographice De Scriptum. A 1639. Tabula Explicans. [Marienburg/Malbork] ,SE/KrA/0414/0028/0006 ,"Handritade Kartverk, Band 28: Topographica practica (Getkant), SE/KrA/0414/0028/0006 (1639) ",K0024428_00001 
  ,1699,1690,"Band 25: Plantas de diferentets plazas de Espania, Italia, Flandes, los Indias ",66. Perspectiva Del Castillo De Sciacca. ,SE/KrA/0414/0025/0077 ,"Handritade Kartverk, Band 25: Plantas de diferentets plazas de Espania, Italia, Flandes, los Indias, SE/KrA/0414/0025/0077 (1699) ",K0037976_00001 
  ,1634,1630,Band 11: Svenska planteboken (Örnehufvud) ,41. Narfwe och Iwanogorodts festninger Anno 1634. ,SE/KrA/0414/0011/0041 ,"Handritade Kartverk, Band 11: Svenska planteboken (Örnehufvud), SE/KrA/0414/0011/0041 (1634) ",K0024279_00001 
  ,1630,1630,Band 11: Svenska planteboken (Örnehufvud) ,20. Säter meed Kopperberget Anno 1630. ,SE/KrA/0414/0011/0020 ,"Handritade Kartverk, Band 11: Svenska planteboken (Örnehufvud), SE/KrA/0414/0011/0020 (1630) ",K0024258_00001 
  ,1648,1640,"Band 21: Ut- och inländska städer, slott, fästen m.m. (Dahlberg) ",N:o 18. Aus Hus des Passes Dirsenow In der Oost See. ,SE/KrA/0414/0021/0020 ,"Handritade Kartverk, Band 21: Ut- och inländska städer, slott, fästen m.m. (Dahlberg), SE/KrA/0414/0021/0020 (1648) ",K0024391_00001 
  ,1811,1810,"Band 32: Fästningar Västkusten och Skåne (Gillberg, Boman) ",6. Plan af Nya Elfsborg belägen från Götheborg nära Trefjerdedels Svänsk Mil vid Segelleden. Stockholm den 24 April 1811. N: Ledergren Ritat af A. P. Boman. Lieutenant. ,SE/KrA/0414/0032/0006 ,"Handritade Kartverk, Band 32: Fästningar Västkusten och Skåne (Gillberg, Boman), SE/KrA/0414/0032/0006 (1811) ",K0038032_00001 
  ,1636,1630,Band 11: Svenska planteboken (Örnehufvud) ,5. Johanneborg Wedh Norreköping Anno. 1636. ,SE/KrA/0414/0011/0006 ,"Handritade Kartverk, Band 11: Svenska planteboken (Örnehufvud), SE/KrA/0414/0011/0006 (1636) ",K0024244_00001 
  ,1685,1680,Band 13: Delineationer och grundritningar fästningar och fort (Dahlberg) ,324. Plaan af Staden Dorpat. ,SE/KrA/0414/0013/0231 ,"Handritade Kartverk, Band 13: Delineationer och grundritningar fästningar och fort (Dahlberg), SE/KrA/0414/0013/0231 (1685) ",K0024380_00001 
  ,1690,1690,Band 13: Delineationer och grundritningar fästningar och fort (Dahlberg) ,242. Plaan af Staden och fästningen Refwal[...] ,SE/KrA/0414/0013/0166 ,"Handritade Kartverk, Band 13: Delineationer och grundritningar fästningar och fort (Dahlberg), SE/KrA/0414/0013/0166 (1690) ",K0024363_00001 
  ,1697,1690,Band 13: Delineationer och grundritningar fästningar och fort (Dahlberg) ,249. Geometrisch Delineation af Staden och fästningen Refwal[...] ,SE/KrA/0414/0013/0173 ,"Handritade Kartverk, Band 13: Delineationer och grundritningar fästningar och fort (Dahlberg), SE/KrA/0414/0013/0173 (1697) ",K0024370_00001 
  ,1624,1620,Band 11: Svenska planteboken (Örnehufvud) ,13. Croneburg i Småland. Anno 1624. ,SE/KrA/0414/0011/0013 ,"Handritade Kartverk, Band 11: Svenska planteboken (Örnehufvud), SE/KrA/0414/0011/0013 (1624) ",K0024251_00001 
  ,1648,1640,"Band 21: Ut- och inländska städer, slott, fästen m.m. (Dahlberg) ",N:o 11. Abriss des newen Schantzes Zu Dambgarten so den 7. May 1648 abgestochen. ,SE/KrA/0414/0021/0011 ,"Handritade Kartverk, Band 21: Ut- och inländska städer, slott, fästen m.m. (Dahlberg), SE/KrA/0414/0021/0011 (1648) ",K0024388_00001 
  ,1731,1730,Band 2: Vägkarteboken ,No 15. Geographisk Charta öfwer Landswägarne igenom Halland[...] ,SE/KrA/0414/0002/0015 ,"Handritade Kartverk, Band 2: Vägkarteboken, SE/KrA/0414/0002/0015 (1731) ",K0024237_00001 
  ,1699,1690,"Band 25: Plantas de diferentets plazas de Espania, Italia, Flandes, los Indias ","92. Planta Del Castillo De Fontane. [Fontane (ej ident.), Italien] ",SE/KrA/0414/0025/0109 ,"Handritade Kartverk, Band 25: Plantas de diferentets plazas de Espania, Italia, Flandes, los Indias, SE/KrA/0414/0025/0109 (1699) ",K0038005_00001 
  ,1699,1690,"Band 25: Plantas de diferentets plazas de Espania, Italia, Flandes, los Indias ","75. Castillo De Matha Grifon. [Matagrifon (ej ident.), Italien] ",SE/KrA/0414/0025/0092 ,"Handritade Kartverk, Band 25: Plantas de diferentets plazas de Espania, Italia, Flandes, los Indias, SE/KrA/0414/0025/0092 (1699) ",K0037991_00001 
  ,1686,1680,Band 13: Delineationer och grundritningar fästningar och fort (Dahlberg) ,112-113. Öfwersten Krigs Rådets och General Quartermestaren Wälb:ne herr Erich Dahlbergs Dessein öfwer ett Torn opå Gullberget[...] ,SE/KrA/0414/0013/0072 ,"Handritade Kartverk, Band 13: Delineationer och grundritningar fästningar och fort (Dahlberg), SE/KrA/0414/0013/0072 (1686) ",K0024341_00001 
  ,1686,1680,Band 13: Delineationer och grundritningar fästningar och fort (Dahlberg) ,126-127. General Maioren och Landzhöfdingen Herr Erich Dahlbergs Dessein öfwer ett Torn som skall byggias på högsta knalln af Ryszåhsen[...] ,SE/KrA/0414/0013/0080 ,"Handritade Kartverk, Band 13: Delineationer och grundritningar fästningar och fort (Dahlberg), SE/KrA/0414/0013/0080 (1686) ",K0024345_00001 
  ,1699,1690,"Band 25: Plantas de diferentets plazas de Espania, Italia, Flandes, los Indias ","15. Placa De Fuenterrauia. [Fuentarrabia, Spanien] ",SE/KrA/0414/0025/0017 ,"Handritade Kartverk, Band 25: Plantas de diferentets plazas de Espania, Italia, Flandes, los Indias, SE/KrA/0414/0025/0017 (1699) ",K0037917_00001 
  ,1623,1620,"Band 12: Svenska och utländska slott, städer och fästen (Thomé) ",No 18. Calmar In Schweden[...] ,SE/KrA/0414/0012/0018 ,"Handritade Kartverk, Band 12: Svenska och utländska slott, städer och fästen (Thomé), SE/KrA/0414/0012/0018 (1623) ",K0024302_00001 
  ,1691,1690,Band 13: Delineationer och grundritningar fästningar och fort (Dahlberg) ,243. Plan af Staden och fästningen Refwal[...] ,SE/KrA/0414/0013/0167 ,"Handritade Kartverk, Band 13: Delineationer och grundritningar fästningar och fort (Dahlberg), SE/KrA/0414/0013/0167 (1691) ",K0024364_00001 
  ,1685,1680,Band 13: Delineationer och grundritningar fästningar och fort (Dahlberg) ,14. Plaan Af Staden och festningen Calmare[...] ,SE/KrA/0414/0013/0013 ,"Handritade Kartverk, Band 13: Delineationer och grundritningar fästningar och fort (Dahlberg), SE/KrA/0414/0013/0013 (1685) ",K0024317_00001 
  ,1699,1690,"Band 25: Plantas de diferentets plazas de Espania, Italia, Flandes, los Indias ","56. Planta De Monsãbique. [Mocambique, Mocambique] ",SE/KrA/0414/0025/0062 ,"Handritade Kartverk, Band 25: Plantas de diferentets plazas de Espania, Italia, Flandes, los Indias, SE/KrA/0414/0025/0062 (1699) ",K0037961_00001 
  ,1699,1690,"Band 25: Plantas de diferentets plazas de Espania, Italia, Flandes, los Indias ",96. Planta De Alesandria. ,SE/KrA/0414/0025/0113 ,"Handritade Kartverk, Band 25: Plantas de diferentets plazas de Espania, Italia, Flandes, los Indias, SE/KrA/0414/0025/0113 (1699) ",K0038009_00001 
  ,1635,1630,Band 28: Topographica practica (Getkant) ,"8. Munitio Insulae Passerinae Anno 1635. 2 Augusti occupata et per Generisum Dominum Colonellu Artischovskij Fortificata. [En ö ""Passerinae"" i Weichsel mellan Schlantz och Montau, söder om Dirschau.] ",SE/KrA/0414/0028/0009 ,"Handritade Kartverk, Band 28: Topographica practica (Getkant), SE/KrA/0414/0028/0009 (1635) ",K0024431_00001 
  ,1699,1690,"Band 25: Plantas de diferentets plazas de Espania, Italia, Flandes, los Indias ","103. Planta De Pondestura. [Pontestura, Italien] ",SE/KrA/0414/0025/0120 ,"Handritade Kartverk, Band 25: Plantas de diferentets plazas de Espania, Italia, Flandes, los Indias, SE/KrA/0414/0025/0120 (1699) ",K0038014_00001 
  ,1689,1680,Band 13: Delineationer och grundritningar fästningar och fort (Dahlberg) ,118. Geometrisch Plaan och Profil af Tornet Wästgiöta Leijonet[...] ,SE/KrA/0414/0013/0076 ,"Handritade Kartverk, Band 13: Delineationer och grundritningar fästningar och fort (Dahlberg), SE/KrA/0414/0013/0076 (1689) ",K0024343_00001 
  ,1699,1690,"Band 25: Plantas de diferentets plazas de Espania, Italia, Flandes, los Indias ",9. San Gian. ,SE/KrA/0414/0025/0010 ,"Handritade Kartverk, Band 25: Plantas de diferentets plazas de Espania, Italia, Flandes, los Indias, SE/KrA/0414/0025/0010 (1699) ",K0037913_00001 
  ,1693,1690,Band 13: Delineationer och grundritningar fästningar och fort (Dahlberg) ,22. Geometrisch Plan af festningen Calmare[...] ,SE/KrA/0414/0013/0021 ,"Handritade Kartverk, Band 13: Delineationer och grundritningar fästningar och fort (Dahlberg), SE/KrA/0414/0013/0021 (1693) ",K0024320_00001 
  ,1689,1680,Band 13: Delineationer och grundritningar fästningar och fort (Dahlberg) ,132. Geometrische Planeroch Profil opå Tornet Cronan. ,SE/KrA/0414/0013/0084 ,"Handritade Kartverk, Band 13: Delineationer och grundritningar fästningar och fort (Dahlberg), SE/KrA/0414/0013/0084 (1689) ",K0036069_00001 
  ,1699,1690,"Band 25: Plantas de diferentets plazas de Espania, Italia, Flandes, los Indias ","53. Planta Del Amamora. [Mamora, Marocko] ",SE/KrA/0414/0025/0059 ,"Handritade Kartverk, Band 25: Plantas de diferentets plazas de Espania, Italia, Flandes, los Indias, SE/KrA/0414/0025/0059 (1699) ",K0037958_00001 
  ,1699,1690,"Band 25: Plantas de diferentets plazas de Espania, Italia, Flandes, los Indias ","23. Planta Del Castillo, Y Villa De Ainsa. [Ansó, Spanien] ",SE/KrA/0414/0025/0026 ,"Handritade Kartverk, Band 25: Plantas de diferentets plazas de Espania, Italia, Flandes, los Indias, SE/KrA/0414/0025/0026 (1699) ",K0037926_00001 
  ,1689,1680,Band 13: Delineationer och grundritningar fästningar och fort (Dahlberg) ,241. Plan af Stadenoch Slåttet Räfwall[...] ,SE/KrA/0414/0013/0165 ,"Handritade Kartverk, Band 13: Delineationer och grundritningar fästningar och fort (Dahlberg), SE/KrA/0414/0013/0165 (1689) ",K0024362_00001 
  ,1699,1690,"Band 25: Plantas de diferentets plazas de Espania, Italia, Flandes, los Indias ",78. Planta Del Navio De Milan Cerca De Tornauento. ,SE/KrA/0414/0025/0095 ,"Handritade Kartverk, Band 25: Plantas de diferentets plazas de Espania, Italia, Flandes, los Indias, SE/KrA/0414/0025/0095 (1699) ",K0037994_00001 
  ,1699,1690,"Band 25: Plantas de diferentets plazas de Espania, Italia, Flandes, los Indias ",19. Planta Del Castillo Y Villa De Canfranc. ,SE/KrA/0414/0025/0022 ,"Handritade Kartverk, Band 25: Plantas de diferentets plazas de Espania, Italia, Flandes, los Indias, SE/KrA/0414/0025/0022 (1699) ",K0037922_00001 
  ,1688,1680,Band 13: Delineationer och grundritningar fästningar och fort (Dahlberg) ,117. Plaan och Profil af Wästgiöta Leijonet[...] ,SE/KrA/0414/0013/0075 ,"Handritade Kartverk, Band 13: Delineationer och grundritningar fästningar och fort (Dahlberg), SE/KrA/0414/0013/0075 (1688) ",K0024342_00001 
  ,1638,1630,Band 28: Topographica practica (Getkant) ,Topographia Practica. Conscripta Et Recognita Per Fridericum Getkant Mechanicum. Anno 1638. [Titelbladet.] [Konung Vladislav till häst jämte till konungen ställd versifierad dedikation.] ,SE/KrA/0414/0028/0001 ,"Handritade Kartverk, Band 28: Topographica practica (Getkant), SE/KrA/0414/0028/0001 (1638) ",K0024423_00001 
  ,1699,1690,"Band 25: Plantas de diferentets plazas de Espania, Italia, Flandes, los Indias ",108. Planta De Chieri Primiero Araval De Italia. ,SE/KrA/0414/0025/0125 ,"Handritade Kartverk, Band 25: Plantas de diferentets plazas de Espania, Italia, Flandes, los Indias, SE/KrA/0414/0025/0125 (1699) ",K0038018_00001 
  ,1699,1690,"Band 25: Plantas de diferentets plazas de Espania, Italia, Flandes, los Indias ","40. Planta Del Castillo De Puitserdain. [Puigcerdá, Spanien] ",SE/KrA/0414/0025/0045 ,"Handritade Kartverk, Band 25: Plantas de diferentets plazas de Espania, Italia, Flandes, los Indias, SE/KrA/0414/0025/0045 (1699) ",K0037944_00001 
  ,1648,1640,"Band 21: Ut- och inländska städer, slott, fästen m.m. (Dahlberg) ","N:o 77. Abriss Der Enge Zwischen der Oost See undt Elbe, Benandtligt Traffmynde undt Boitzenborg, Nebenst den Dähnschen Disseing zu Maintenirung Hölsteins, Erstlich gerissen Durch Apell Urop, Obrister undt General Quartiermeister bey Königl: May:tt in Dennemarck. Anno 1638. Travemünde - Boizenburg, Tyskland. ",SE/KrA/0414/0021/0101 ,"Handritade Kartverk, Band 21: Ut- och inländska städer, slott, fästen m.m. (Dahlberg), SE/KrA/0414/0021/0101 (1648) ",K0024406_00001 
  ,1692,1690,Band 13: Delineationer och grundritningar fästningar och fort (Dahlberg) ,"162. Delineation af Castelet Wedh Marstrand, Carlsteen. ",SE/KrA/0414/0013/0095 ,"Handritade Kartverk, Band 13: Delineationer och grundritningar fästningar och fort (Dahlberg), SE/KrA/0414/0013/0095 (1692) ",K0024351_00001 
  ,1637,1630,Band 28: Topographica practica (Getkant) ,13. Tabula Topographica Demonstrans Situm Sinus Pucensisa Porta Weisselmünde Usqe Ad Peninsulam Hel. Quae Iterum In Specialem Et Particularem Tabulam Partim Propter Nimis Parvam Delineationem Partim Propter Impedimenta Vel Obiecta Munitionis Vladislausburg Diuisa et per Fridericum Getkant descripta. A 1637. [Putziger Wiek. Danzig/Gdansk och kusten NV därom med Helahalvön med Vladislausburg och Casimirsburg.] ,SE/KrA/0414/0028/0014 ,"Handritade Kartverk, Band 28: Topographica practica (Getkant), SE/KrA/0414/0028/0014 (1637) ",K0024436_00001 
  ,1683,1680,Band 13: Delineationer och grundritningar fästningar och fort (Dahlberg) ,12. Geometrisch Plaan utaf Staden och festningen Calmar[...] ,SE/KrA/0414/0013/0011 ,"Handritade Kartverk, Band 13: Delineationer och grundritningar fästningar och fort (Dahlberg), SE/KrA/0414/0013/0011 (1683) ",K0024315_00001 
  ,1696,1690,Band 13: Delineationer och grundritningar fästningar och fort (Dahlberg) ,422. Geometrisch Delineation af Nya Hornwercket i Strålsund[...] ,SE/KrA/0414/0013/0299 ,"Handritade Kartverk, Band 13: Delineationer och grundritningar fästningar och fort (Dahlberg), SE/KrA/0414/0013/0299 (1696) ",K0025721_00001 
  ,1696,1690,Band 13: Delineationer och grundritningar fästningar och fort (Dahlberg) ,134. Delineation. Af Tornet Opå Ryszåhsen[...] ,SE/KrA/0414/0013/0086 ,"Handritade Kartverk, Band 13: Delineationer och grundritningar fästningar och fort (Dahlberg), SE/KrA/0414/0013/0086 (1696) ",K0036071_00001 
  ,1781,1780,"Band 36: Expedition på Senegal, Västindien m.m. ",7. Acktionen wid utloppett af Bajen Chesapeack d: 5 Septemb: år 1781. ,SE/KrA/0414/0036/0007 ,"Handritade Kartverk, Band 36: Expedition på Senegal, Västindien m.m., SE/KrA/0414/0036/0007 (1781) ",K0024440_00001 
  ,1696,1690,Band 13: Delineationer och grundritningar fästningar och fort (Dahlberg) ,318. Geometrisch Delineation af Staden och festningen Pernou. ,SE/KrA/0414/0013/0225 ,"Handritade Kartverk, Band 13: Delineationer och grundritningar fästningar och fort (Dahlberg), SE/KrA/0414/0013/0225 (1696) ",K0024379_00001 
  ,1699,1690,"Band 25: Plantas de diferentets plazas de Espania, Italia, Flandes, los Indias ",79. Planta Del Castillo Y Ciudadel De Pavia. ,SE/KrA/0414/0025/0096 ,"Handritade Kartverk, Band 25: Plantas de diferentets plazas de Espania, Italia, Flandes, los Indias, SE/KrA/0414/0025/0096 (1699) ",K0037995_00001 
  ,1699,1690,"Band 25: Plantas de diferentets plazas de Espania, Italia, Flandes, los Indias ",100. Planta De La Ciudad Y Ciudadela De Turino. ,SE/KrA/0414/0025/0117 ,"Handritade Kartverk, Band 25: Plantas de diferentets plazas de Espania, Italia, Flandes, los Indias, SE/KrA/0414/0025/0117 (1699) ",K0038011_00001 
  ,1699,1690,"Band 25: Plantas de diferentets plazas de Espania, Italia, Flandes, los Indias ",47. Planta Del Castillo De Perpiñan. ,SE/KrA/0414/0025/0053 ,"Handritade Kartverk, Band 25: Plantas de diferentets plazas de Espania, Italia, Flandes, los Indias, SE/KrA/0414/0025/0053 (1699) ",K0037952_00001 
  ,1699,1690,"Band 25: Plantas de diferentets plazas de Espania, Italia, Flandes, los Indias ",7. Planta De Telena. ,SE/KrA/0414/0025/0008 ,"Handritade Kartverk, Band 25: Plantas de diferentets plazas de Espania, Italia, Flandes, los Indias, SE/KrA/0414/0025/0008 (1699) ",K0037911_00001 
  ,1693,1690,Band 13: Delineationer och grundritningar fästningar och fort (Dahlberg) ,191. Geometrisch Delineation af Staden och fästningen Malmöö[...] ,SE/KrA/0414/0013/0124 ,"Handritade Kartverk, Band 13: Delineationer och grundritningar fästningar och fort (Dahlberg), SE/KrA/0414/0013/0124 (1693) ",K0037886_00001 
  ,1648,1640,"Band 21: Ut- och inländska städer, slott, fästen m.m. (Dahlberg) ",N:o 64. Grundtriss Der kayserlichen Residentz Stadt Wien. ,SE/KrA/0414/0021/0086 ,"Handritade Kartverk, Band 21: Ut- och inländska städer, slott, fästen m.m. (Dahlberg), SE/KrA/0414/0021/0086 (1648) ",K0037897_00001 
  ,1678,1670,Band 13: Delineationer och grundritningar fästningar och fort (Dahlberg) ,7. Delineation af Calmare[...] ,SE/KrA/0414/0013/0006 ,"Handritade Kartverk, Band 13: Delineationer och grundritningar fästningar och fort (Dahlberg), SE/KrA/0414/0013/0006 (1678) ",K0024310_00001 
  ,1699,1690,"Band 25: Plantas de diferentets plazas de Espania, Italia, Flandes, los Indias ",77. Sperone Del Navio De Milan. ,SE/KrA/0414/0025/0094 ,"Handritade Kartverk, Band 25: Plantas de diferentets plazas de Espania, Italia, Flandes, los Indias, SE/KrA/0414/0025/0094 (1699) ",K0037993_00001 
  ,1699,1690,"Band 25: Plantas de diferentets plazas de Espania, Italia, Flandes, los Indias ",113. Planta De Donquerque. ,SE/KrA/0414/0025/0130 ,"Handritade Kartverk, Band 25: Plantas de diferentets plazas de Espania, Italia, Flandes, los Indias, SE/KrA/0414/0025/0130 (1699) ",K0038023_00001 
  ,1638,1630,"Band 21: Ut- och inländska städer, slott, fästen m.m. (Dahlberg) ",N:o 20. Belgardt. Anno 1638. ,SE/KrA/0414/0021/0027 ,"Handritade Kartverk, Band 21: Ut- och inländska städer, slott, fästen m.m. (Dahlberg), SE/KrA/0414/0021/0027 (1638) ",K0024395_00001 
  ,1699,1690,"Band 25: Plantas de diferentets plazas de Espania, Italia, Flandes, los Indias ","62. Planta De Orbitelo. [Orbetello, Italien] ",SE/KrA/0414/0025/0071 ,"Handritade Kartverk, Band 25: Plantas de diferentets plazas de Espania, Italia, Flandes, los Indias, SE/KrA/0414/0025/0071 (1699) ",K0037970_00001 
  ,1675,1670,Band 13: Delineationer och grundritningar fästningar och fort (Dahlberg) ,4. Delineation utaf fästningen i Calmar[...] ,SE/KrA/0414/0013/0003 ,"Handritade Kartverk, Band 13: Delineationer och grundritningar fästningar och fort (Dahlberg), SE/KrA/0414/0013/0003 (1675) ",K0024307_00001 
  ,1699,1690,"Band 25: Plantas de diferentets plazas de Espania, Italia, Flandes, los Indias ","57. Planta Del Castillo De La Mina. [Mina (ej ident.), Spanien] ",SE/KrA/0414/0025/0064 ,"Handritade Kartverk, Band 25: Plantas de diferentets plazas de Espania, Italia, Flandes, los Indias, SE/KrA/0414/0025/0064 (1699) ",K0037963_00001 
  ,1699,1690,"Band 25: Plantas de diferentets plazas de Espania, Italia, Flandes, los Indias ",45. Planta Del Castillo De Colibre. ,SE/KrA/0414/0025/0051 ,"Handritade Kartverk, Band 25: Plantas de diferentets plazas de Espania, Italia, Flandes, los Indias, SE/KrA/0414/0025/0051 (1699) ",K0037950_00001 
  ,1698,1690,Band 1: Landskaps- och länskartor Sverige (Dahlberg) ,4. Geographisch Charta af Sudermannia Borealis eller Gripsholms Lähn. ,SE/KrA/0414/0001/0004 ,"Handritade Kartverk, Band 1: Landskaps- och länskartor Sverige (Dahlberg), SE/KrA/0414/0001/0004 (1698) ",K0036046_00001 
  ,1634,1630,Band 11: Svenska planteboken (Örnehufvud) ,25. Rygha Stadh medh dess Fortification Anno 1634. ,SE/KrA/0414/0011/0025 ,"Handritade Kartverk, Band 11: Svenska planteboken (Örnehufvud), SE/KrA/0414/0011/0025 (1634) ",K0024263_00001 
  ,1683,1680,Band 13: Delineationer och grundritningar fästningar och fort (Dahlberg) ,160. Geometrisch Plaan af Castelet Carlsten. ,SE/KrA/0414/0013/0094 ,"Handritade Kartverk, Band 13: Delineationer och grundritningar fästningar och fort (Dahlberg), SE/KrA/0414/0013/0094 (1683) ",K0024350_00001 
  ,1699,1690,"Band 25: Plantas de diferentets plazas de Espania, Italia, Flandes, los Indias ","49. Planta Del Castillo De Opuz. [Opuz (ej ident.), Frankrike] ",SE/KrA/0414/0025/0055 ,"Handritade Kartverk, Band 25: Plantas de diferentets plazas de Espania, Italia, Flandes, los Indias, SE/KrA/0414/0025/0055 (1699) ",K0037954_00001 
  ,1699,1690,"Band 25: Plantas de diferentets plazas de Espania, Italia, Flandes, los Indias ","25. Planta Del Castillo Y Villa De Venasque. [Benasque, Spanien] ",SE/KrA/0414/0025/0028 ,"Handritade Kartverk, Band 25: Plantas de diferentets plazas de Espania, Italia, Flandes, los Indias, SE/KrA/0414/0025/0028 (1699) ",K0037928_00001 
  ,1699,1690,"Band 25: Plantas de diferentets plazas de Espania, Italia, Flandes, los Indias ","18. Planta De La Torre De La Espelunca. [Espeluy, Spanien] ",SE/KrA/0414/0025/0021 ,"Handritade Kartverk, Band 25: Plantas de diferentets plazas de Espania, Italia, Flandes, los Indias, SE/KrA/0414/0025/0021 (1699) ",K0037921_00001 
  ,1699,1690,"Band 25: Plantas de diferentets plazas de Espania, Italia, Flandes, los Indias ",39. Planta De La Fuerza De Rosas. ,SE/KrA/0414/0025/0044 ,"Handritade Kartverk, Band 25: Plantas de diferentets plazas de Espania, Italia, Flandes, los Indias, SE/KrA/0414/0025/0044 (1699) ",K0037943_00001 
  ,1695,1690,Band 3: Norrland med delar af Lappland ,"3:0. Geometrisk Afrijtningh, Delineation och Uthrächningh öfwer Holms Byens Ägor[...]uthi Umeå Sochn. ",SE/KrA/0414/0003/0003 ,"Handritade Kartverk, Band 3: Norrland med delar af Lappland, SE/KrA/0414/0003/0003 (1695) ",K0036051_00001 
  ,1673,1670,Band 13: Delineationer och grundritningar fästningar och fort (Dahlberg) ,169. Geometrisch Delineation af Fästningen Malmöö. ,SE/KrA/0414/0013/0102 ,"Handritade Kartverk, Band 13: Delineationer och grundritningar fästningar och fort (Dahlberg), SE/KrA/0414/0013/0102 (1673) ",K0024357_00001 
  ,1681,1680,Band 13: Delineationer och grundritningar fästningar och fort (Dahlberg) ,10. Plaan af Staden och festningen Calmare[...] ,SE/KrA/0414/0013/0009 ,"Handritade Kartverk, Band 13: Delineationer och grundritningar fästningar och fort (Dahlberg), SE/KrA/0414/0013/0009 (1681) ",K0024313_00001 
  ,1699,1690,"Band 25: Plantas de diferentets plazas de Espania, Italia, Flandes, los Indias ","51. Planta De Leocata Y Su Sitio. [Leucate, Frankrike] ",SE/KrA/0414/0025/0057 ,"Handritade Kartverk, Band 25: Plantas de diferentets plazas de Espania, Italia, Flandes, los Indias, SE/KrA/0414/0025/0057 (1699) ",K0037956_00001 
  ,1697,1690,Band 13: Delineationer och grundritningar fästningar och fort (Dahlberg) ,51b. Geometrisch Delineation af separations Wercket uthi Carlscrona[...] ,SE/KrA/0414/0013/0033 ,"Handritade Kartverk, Band 13: Delineationer och grundritningar fästningar och fort (Dahlberg), SE/KrA/0414/0013/0033 (1697) ",K0024327_00001 
  ,1699,1690,"Band 25: Plantas de diferentets plazas de Espania, Italia, Flandes, los Indias ","10. Planta De La Ciudad De Tavilla. [Tavira, Portugal] ",SE/KrA/0414/0025/0011 ,"Handritade Kartverk, Band 25: Plantas de diferentets plazas de Espania, Italia, Flandes, los Indias, SE/KrA/0414/0025/0011 (1699) ",K0036077_00001 
  ,1699,1690,"Band 25: Plantas de diferentets plazas de Espania, Italia, Flandes, los Indias ",61. Descripcion Del Puerto Des Caliao Del Piru. ,SE/KrA/0414/0025/0070 ,"Handritade Kartverk, Band 25: Plantas de diferentets plazas de Espania, Italia, Flandes, los Indias, SE/KrA/0414/0025/0070 (1699) ",K0037969_00001 
  ,1699,1690,"Band 25: Plantas de diferentets plazas de Espania, Italia, Flandes, los Indias ",76. Planta Del Castillo De Milan. ,SE/KrA/0414/0025/0093 ,"Handritade Kartverk, Band 25: Plantas de diferentets plazas de Espania, Italia, Flandes, los Indias, SE/KrA/0414/0025/0093 (1699) ",K0037992_00001 
  ,1699,1690,"Band 25: Plantas de diferentets plazas de Espania, Italia, Flandes, los Indias ",59. Morro De La Habana. ,SE/KrA/0414/0025/0068 ,"Handritade Kartverk, Band 25: Plantas de diferentets plazas de Espania, Italia, Flandes, los Indias, SE/KrA/0414/0025/0068 (1699) ",K0037967_00001 
  ,1699,1690,"Band 25: Plantas de diferentets plazas de Espania, Italia, Flandes, los Indias ","44. Bella Guardia Castillo Del Portus. [Bellegarde, Frankrike] ",SE/KrA/0414/0025/0050 ,"Handritade Kartverk, Band 25: Plantas de diferentets plazas de Espania, Italia, Flandes, los Indias, SE/KrA/0414/0025/0050 (1699) ",K0037949_00001 
  ,1687,1680,Band 13: Delineationer och grundritningar fästningar och fort (Dahlberg) ,259. Geometrisch Plaan af Riga Casteel. ,SE/KrA/0414/0013/0179 ,"Handritade Kartverk, Band 13: Delineationer och grundritningar fästningar och fort (Dahlberg), SE/KrA/0414/0013/0179 (1687) ",K0024372_00001 
  ,1648,1640,"Band 21: Ut- och inländska städer, slott, fästen m.m. (Dahlberg) ",N:o 6. Geometrisch Grundtriss der Stadt Anclamb. Anno 1648. ,SE/KrA/0414/0021/0003 ,"Handritade Kartverk, Band 21: Ut- och inländska städer, slott, fästen m.m. (Dahlberg), SE/KrA/0414/0021/0003 (1648) ",K0024387_00001 
  ,1680,1680,Band 13: Delineationer och grundritningar fästningar och fort (Dahlberg) ,54b. Öfwersten Erich Dahlbergs Deseing opå Klippan Drottningeskiär. ,SE/KrA/0414/0013/0035 ,"Handritade Kartverk, Band 13: Delineationer och grundritningar fästningar och fort (Dahlberg), SE/KrA/0414/0013/0035 (1680) ",K0024329_00001 
  ,1699,1690,"Band 25: Plantas de diferentets plazas de Espania, Italia, Flandes, los Indias ","86. Fuerte De Fuentes. [Fuentes (ej ident.), Italien] ",SE/KrA/0414/0025/0103 ,"Handritade Kartverk, Band 25: Plantas de diferentets plazas de Espania, Italia, Flandes, los Indias, SE/KrA/0414/0025/0103 (1699) ",K0038000_00001 
  ,1623,1620,Band 28: Topographica practica (Getkant) ,"10. Pillaw Mensura. [Pillau]. [Översättning av text på kartan:. År 1623 var inloppet för skeppen på det med stjärnor *** betecknade området. År 1625 före fiendens ankomst gjordes ett inlopp på den med (ankare) betecknade platsen, men emedan det ej var tillräckligt djupt, läto fyra män i kurfurstens tjänst rensa upp det; och således förblev ett inlopp tillgängligt för sjöfarten och är det än i dag. Inloppet var knappt rensat förrän Svenskarne den 10 juli 1626 foro in där och på vardera sidan anlade de fyrkantiga fästningarna B. B., men vid västlig och nordlig vind lämnade de befästningarna, som sköljdes av de häftiga vågorna, och besatte slätten A och anlade där en femhörnig fästning med omgivande vallar. När denna var färdig, började de jämna med marken ej blott de kullar, som lågo i vägen, utan även de preussiska fästningarna Kick en deen pott och Hantene gott (så benämnda av holländarne) för att så mycket bättre kunna beskjuta de inseglande. Författaren ritade kartan år 1625 och kontrollerade den nu år 1634, då han i hemlighet var på platsen förklädd till fiskare.] ",SE/KrA/0414/0028/0011 ,"Handritade Kartverk, Band 28: Topographica practica (Getkant), SE/KrA/0414/0028/0011 (1623) ",K0024433_00001 
  ,1699,1690,"Band 25: Plantas de diferentets plazas de Espania, Italia, Flandes, los Indias ",3. Ayamonte. ,SE/KrA/0414/0025/0004 ,"Handritade Kartverk, Band 25: Plantas de diferentets plazas de Espania, Italia, Flandes, los Indias, SE/KrA/0414/0025/0004 (1699) ",K0037907_00001 
  ,1699,1690,"Band 25: Plantas de diferentets plazas de Espania, Italia, Flandes, los Indias ",68. Planta Del Castillo De La Licata. ,SE/KrA/0414/0025/0082 ,"Handritade Kartverk, Band 25: Plantas de diferentets plazas de Espania, Italia, Flandes, los Indias, SE/KrA/0414/0025/0082 (1699) ",K0037981_00001 
  ,1685,1680,Band 13: Delineationer och grundritningar fästningar och fort (Dahlberg) ,257. Geometrisch Plaan af Slottet och Castelet uti Riga[...] ,SE/KrA/0414/0013/0177 ,"Handritade Kartverk, Band 13: Delineationer och grundritningar fästningar och fort (Dahlberg), SE/KrA/0414/0013/0177 (1685) ",K0024371_00001 
  ,1638,1630,"Band 21: Ut- och inländska städer, slott, fästen m.m. (Dahlberg) ",N:o 20. Ruigenwalde. A: 1638. ,SE/KrA/0414/0021/0028 ,"Handritade Kartverk, Band 21: Ut- och inländska städer, slott, fästen m.m. (Dahlberg), SE/KrA/0414/0021/0028 (1638) ",K0024396_00001 
  ,1699,1690,"Band 25: Plantas de diferentets plazas de Espania, Italia, Flandes, los Indias ",54. Planta De Tangere. ,SE/KrA/0414/0025/0060 ,"Handritade Kartverk, Band 25: Plantas de diferentets plazas de Espania, Italia, Flandes, los Indias, SE/KrA/0414/0025/0060 (1699) ",K0037959_00001 
  ,1644,1640,"Band 25: Plantas de diferentets plazas de Espania, Italia, Flandes, los Indias ",4. Renquentro De Montijo. ,SE/KrA/0414/0025/0005 ,"Handritade Kartverk, Band 25: Plantas de diferentets plazas de Espania, Italia, Flandes, los Indias, SE/KrA/0414/0025/0005 (1644) ",K0037908_00001 
  ,1695,1690,Band 13: Delineationer och grundritningar fästningar och fort (Dahlberg) ,50b. Geometrisch Delineation af det till Flåttans Försäkring med 100 knechtar i 5 Månader anordnade separationswerket i Carlscrona. ,SE/KrA/0414/0013/0031 ,"Handritade Kartverk, Band 13: Delineationer och grundritningar fästningar och fort (Dahlberg), SE/KrA/0414/0013/0031 (1695) ",K0024325_00001 
  ,1811,1810,"Band 32: Fästningar Västkusten och Skåne (Gillberg, Boman) ",3. Ritning öfver Skansen Götha Leijon vid Götheborg. Stockholm den 24 April 1811. N: Ledergren Ritat af A. P. Boman. Lieutenant. ,SE/KrA/0414/0032/0003 ,"Handritade Kartverk, Band 32: Fästningar Västkusten och Skåne (Gillberg, Boman), SE/KrA/0414/0032/0003 (1811) ",K0038029_00001 
  ,1699,1690,"Band 25: Plantas de diferentets plazas de Espania, Italia, Flandes, los Indias ",20. Planta De La Torre De Hecho. ,SE/KrA/0414/0025/0023 ,"Handritade Kartverk, Band 25: Plantas de diferentets plazas de Espania, Italia, Flandes, los Indias, SE/KrA/0414/0025/0023 (1699) ",K0037923_00001 
  ,1699,1690,"Band 25: Plantas de diferentets plazas de Espania, Italia, Flandes, los Indias ",29. Planta De Alcudia. ,SE/KrA/0414/0025/0033 ,"Handritade Kartverk, Band 25: Plantas de diferentets plazas de Espania, Italia, Flandes, los Indias, SE/KrA/0414/0025/0033 (1699) ",K0037933_00001 
  ,1699,1690,"Band 25: Plantas de diferentets plazas de Espania, Italia, Flandes, los Indias ",38. Planta De Tortosa. ,SE/KrA/0414/0025/0043 ,"Handritade Kartverk, Band 25: Plantas de diferentets plazas de Espania, Italia, Flandes, los Indias, SE/KrA/0414/0025/0043 (1699) ",K0037942_00001 
  ,1699,1690,"Band 25: Plantas de diferentets plazas de Espania, Italia, Flandes, los Indias ",48. Planta Del Castillo De Salcas. ,SE/KrA/0414/0025/0054 ,"Handritade Kartverk, Band 25: Plantas de diferentets plazas de Espania, Italia, Flandes, los Indias, SE/KrA/0414/0025/0054 (1699) ",K0037953_00001 
  ,1636,1630,"Band 12: Svenska och utländska slott, städer och fästen (Thomé) ",No 7. Beschreibung von Pillow. Anno 1636. ,SE/KrA/0414/0012/0007 ,"Handritade Kartverk, Band 12: Svenska och utländska slott, städer och fästen (Thomé), SE/KrA/0414/0012/0007 (1636) ",K0024291_00001 
  ,1680,1680,Band 13: Delineationer och grundritningar fästningar och fort (Dahlberg) ,54a. Capitain Stuwardts Deseing opå Klippan Drottningeskiäär. ,SE/KrA/0414/0013/0034 ,"Handritade Kartverk, Band 13: Delineationer och grundritningar fästningar och fort (Dahlberg), SE/KrA/0414/0013/0034 (1680) ",K0024328_00001 
  ,1695,1690,Band 13: Delineationer och grundritningar fästningar och fort (Dahlberg) ,106. Geometrisch Plaan af Staden Giöteborgh. ,SE/KrA/0414/0013/0068 ,"Handritade Kartverk, Band 13: Delineationer och grundritningar fästningar och fort (Dahlberg), SE/KrA/0414/0013/0068 (1695) ",K0036064_00001 
  ,1811,1810,"Band 32: Fästningar Västkusten och Skåne (Gillberg, Boman) ",1. Karta öfver Situationerne kring Göteborg och Bohus. Stockholm den 24 April 1811. N: Ledergren Ritad af Carl Gustaf Gillberg. ,SE/KrA/0414/0032/0001 ,"Handritade Kartverk, Band 32: Fästningar Västkusten och Skåne (Gillberg, Boman), SE/KrA/0414/0032/0001 (1811) ",K0038027_00001 
  ,1699,1690,"Band 25: Plantas de diferentets plazas de Espania, Italia, Flandes, los Indias ",37. Planta De Mirabet. ,SE/KrA/0414/0025/0042 ,"Handritade Kartverk, Band 25: Plantas de diferentets plazas de Espania, Italia, Flandes, los Indias, SE/KrA/0414/0025/0042 (1699) ",K0036078_00001 
  ,1699,1690,"Band 25: Plantas de diferentets plazas de Espania, Italia, Flandes, los Indias ",84. Planta De Ponzon. ,SE/KrA/0414/0025/0101 ,"Handritade Kartverk, Band 25: Plantas de diferentets plazas de Espania, Italia, Flandes, los Indias, SE/KrA/0414/0025/0101 (1699) ",K0037998_00001 
  ,1634,1630,Band 11: Svenska planteboken (Örnehufvud) ,39. Rehwall Anno 1634. ,SE/KrA/0414/0011/0039 ,"Handritade Kartverk, Band 11: Svenska planteboken (Örnehufvud), SE/KrA/0414/0011/0039 (1634) ",K0024277_00001 
  ,1693,1690,Band 13: Delineationer och grundritningar fästningar och fort (Dahlberg) ,163. Delineation af Castelet Wedh Marstrandh Carlsteen. ,SE/KrA/0414/0013/0096 ,"Handritade Kartverk, Band 13: Delineationer och grundritningar fästningar och fort (Dahlberg), SE/KrA/0414/0013/0096 (1693) ",K0024352_00001 
  ,1699,1690,"Band 25: Plantas de diferentets plazas de Espania, Italia, Flandes, los Indias ","67. Fuerte Del Caricatore De Giorgente. [Giorgente (ej ident.), Italien] ",SE/KrA/0414/0025/0081 ,"Handritade Kartverk, Band 25: Plantas de diferentets plazas de Espania, Italia, Flandes, los Indias, SE/KrA/0414/0025/0081 (1699) ",K0037980_00001 
  ,1699,1690,"Band 25: Plantas de diferentets plazas de Espania, Italia, Flandes, los Indias ",46. Planta Del Castillo De S. Elmo De Colibri. ,SE/KrA/0414/0025/0052 ,"Handritade Kartverk, Band 25: Plantas de diferentets plazas de Espania, Italia, Flandes, los Indias, SE/KrA/0414/0025/0052 (1699) ",K0037951_00001 
  ,1699,1690,"Band 25: Plantas de diferentets plazas de Espania, Italia, Flandes, los Indias ",106. Planta De La Ciudad De Asti. ,SE/KrA/0414/0025/0123 ,"Handritade Kartverk, Band 25: Plantas de diferentets plazas de Espania, Italia, Flandes, los Indias, SE/KrA/0414/0025/0123 (1699) ",K0038016_00001 
  ,1699,1690,"Band 25: Plantas de diferentets plazas de Espania, Italia, Flandes, los Indias ",68. Perspectiva Del Castillo De La Licata. ,SE/KrA/0414/0025/0083 ,"Handritade Kartverk, Band 25: Plantas de diferentets plazas de Espania, Italia, Flandes, los Indias, SE/KrA/0414/0025/0083 (1699) ",K0037982_00001 
  ,1688,1680,Band 13: Delineationer och grundritningar fästningar och fort (Dahlberg) ,240. Plaan af Staden och Slåttet Refwall[...] ,SE/KrA/0414/0013/0164 ,"Handritade Kartverk, Band 13: Delineationer och grundritningar fästningar och fort (Dahlberg), SE/KrA/0414/0013/0164 (1688) ",K0024361_00001 
  ,1634,1630,Band 28: Topographica practica (Getkant) ,1. Munitio Dirschoviae Recognita Anno 1634 16 octob. Schwedische Loginung wie sie Anno 1635 im dürchzug nach Pomern für Dirschaw gelegen. [Dirschau] ,SE/KrA/0414/0028/0002 ,"Handritade Kartverk, Band 28: Topographica practica (Getkant), SE/KrA/0414/0028/0002 (1634) ",K0024424_00001 
  ,1697,1690,Band 13: Delineationer och grundritningar fästningar och fort (Dahlberg) ,48-49. Geometrisch Plaan och Delineation af Carlscrona[...] ,SE/KrA/0414/0013/0029 ,"Handritade Kartverk, Band 13: Delineationer och grundritningar fästningar och fort (Dahlberg), SE/KrA/0414/0013/0029 (1697) ",K0024323_00001 
  ,1648,1640,"Band 21: Ut- och inländska städer, slott, fästen m.m. (Dahlberg) ",N:o 36. Rinteln. ,SE/KrA/0414/0021/0048 ,"Handritade Kartverk, Band 21: Ut- och inländska städer, slott, fästen m.m. (Dahlberg), SE/KrA/0414/0021/0048 (1648) ",K0024399_00001 
  ,1699,1690,"Band 25: Plantas de diferentets plazas de Espania, Italia, Flandes, los Indias ",117. [Karta över Lago di Como med floden Adda till Trezzo.] ,SE/KrA/0414/0025/0134 ,"Handritade Kartverk, Band 25: Plantas de diferentets plazas de Espania, Italia, Flandes, los Indias, SE/KrA/0414/0025/0134 (1699) ",K0038026_00001 
  ,1696,1690,Band 13: Delineationer och grundritningar fästningar och fort (Dahlberg) ,248. Geometrisch Charta öfwer Staden och festningen Refwal. ,SE/KrA/0414/0013/0172 ,"Handritade Kartverk, Band 13: Delineationer och grundritningar fästningar och fort (Dahlberg), SE/KrA/0414/0013/0172 (1696) ",K0024369_00001 
  ,1683,1680,Band 13: Delineationer och grundritningar fästningar och fort (Dahlberg) ,180. Geometrisch Delineation af Staden och fästningen Malmöö[...] ,SE/KrA/0414/0013/0113 ,"Handritade Kartverk, Band 13: Delineationer och grundritningar fästningar och fort (Dahlberg), SE/KrA/0414/0013/0113 (1683) ",K0037885_00001 
  ,1699,1690,"Band 25: Plantas de diferentets plazas de Espania, Italia, Flandes, los Indias ",52. Oran. ,SE/KrA/0414/0025/0058 ,"Handritade Kartverk, Band 25: Plantas de diferentets plazas de Espania, Italia, Flandes, los Indias, SE/KrA/0414/0025/0058 (1699) ",K0037957_00001 
  ,1699,1690,"Band 25: Plantas de diferentets plazas de Espania, Italia, Flandes, los Indias ","107. Planta De La Tierra De Romanano. [Romagnano, Italien] ",SE/KrA/0414/0025/0124 ,"Handritade Kartverk, Band 25: Plantas de diferentets plazas de Espania, Italia, Flandes, los Indias, SE/KrA/0414/0025/0124 (1699) ",K0038017_00001 
  ,1684,1680,Band 13: Delineationer och grundritningar fästningar och fort (Dahlberg) ,13. Plaan af Staden och festningen Calmare[...] ,SE/KrA/0414/0013/0012 ,"Handritade Kartverk, Band 13: Delineationer och grundritningar fästningar och fort (Dahlberg), SE/KrA/0414/0013/0012 (1684) ",K0024316_00001 
  ,1699,1690,"Band 25: Plantas de diferentets plazas de Espania, Italia, Flandes, los Indias ","64. Planta De Plombino. [Piombino, Italien] ",SE/KrA/0414/0025/0073 ,"Handritade Kartverk, Band 25: Plantas de diferentets plazas de Espania, Italia, Flandes, los Indias, SE/KrA/0414/0025/0073 (1699) ",K0037972_00001 
  ,1677,1670,Band 13: Delineationer och grundritningar fästningar och fort (Dahlberg) ,6. Delineation utaf fästningen Calmar[...] ,SE/KrA/0414/0013/0005 ,"Handritade Kartverk, Band 13: Delineationer och grundritningar fästningar och fort (Dahlberg), SE/KrA/0414/0013/0005 (1677) ",K0024309_00001 
  ,1699,1690,"Band 25: Plantas de diferentets plazas de Espania, Italia, Flandes, los Indias ","89. La Vilata Fortificada. [Villata, Italien] ",SE/KrA/0414/0025/0106 ,"Handritade Kartverk, Band 25: Plantas de diferentets plazas de Espania, Italia, Flandes, los Indias, SE/KrA/0414/0025/0106 (1699) ",K0038002_00001 
  ,1635,1630,Band 28: Topographica practica (Getkant) ,"7. Entwerffung der gegend am Weissen Berge, wie nemlich die Montawsche Spitz von den Schwedischen befestiget undt dan auch die Weissel wegen des geschlagenen Haupts S den Nagatt furvbergehet. Anno 1635 10 Octob:. [Montauer Spitz, Falkenau, Weissenberg] ",SE/KrA/0414/0028/0008 ,"Handritade Kartverk, Band 28: Topographica practica (Getkant), SE/KrA/0414/0028/0008 (1635) ",K0024430_00001 
  ,1694,1690,Band 13: Delineationer och grundritningar fästningar och fort (Dahlberg) ,164. Geometrisch Delineation af Carlsteen. ,SE/KrA/0414/0013/0097 ,"Handritade Kartverk, Band 13: Delineationer och grundritningar fästningar och fort (Dahlberg), SE/KrA/0414/0013/0097 (1694) ",K0024353_00001 
  ,1699,1690,"Band 25: Plantas de diferentets plazas de Espania, Italia, Flandes, los Indias ","50. Planta Del Castillo De Tartaouez. [Tartas, Frankrike] ",SE/KrA/0414/0025/0056 ,"Handritade Kartverk, Band 25: Plantas de diferentets plazas de Espania, Italia, Flandes, los Indias, SE/KrA/0414/0025/0056 (1699) ",K0037955_00001 
  ,1699,1690,"Band 25: Plantas de diferentets plazas de Espania, Italia, Flandes, los Indias ","115. Pechelingas. [Pechelingas (ej ident.), Belgien] ",SE/KrA/0414/0025/0132 ,"Handritade Kartverk, Band 25: Plantas de diferentets plazas de Espania, Italia, Flandes, los Indias, SE/KrA/0414/0025/0132 (1699) ",K0038024_00001 
  ,1699,1690,"Band 25: Plantas de diferentets plazas de Espania, Italia, Flandes, los Indias ",31. Castillo De Fornells. ,SE/KrA/0414/0025/0035 ,"Handritade Kartverk, Band 25: Plantas de diferentets plazas de Espania, Italia, Flandes, los Indias, SE/KrA/0414/0025/0035 (1699) ",K0037935_00001 
  ,1699,1690,"Band 25: Plantas de diferentets plazas de Espania, Italia, Flandes, los Indias ","111. Planta De La Provincia Y Iurisdicon De Bourdeus. [Bordeaux, Frankrike] ",SE/KrA/0414/0025/0128 ,"Handritade Kartverk, Band 25: Plantas de diferentets plazas de Espania, Italia, Flandes, los Indias, SE/KrA/0414/0025/0128 (1699) ",K0038021_00001 
  ,1699,1690,"Band 25: Plantas de diferentets plazas de Espania, Italia, Flandes, los Indias ",70. Planta De La Ciudad De Marsala. ,SE/KrA/0414/0025/0086 ,"Handritade Kartverk, Band 25: Plantas de diferentets plazas de Espania, Italia, Flandes, los Indias, SE/KrA/0414/0025/0086 (1699) ",K0037985_00001 
  ,1637,1630,Band 11: Svenska planteboken (Örnehufvud) ,4. Lustholmen medh Disseinen om Tyghusedt. Anno 1637 ,SE/KrA/0414/0011/0004 ,"Handritade Kartverk, Band 11: Svenska planteboken (Örnehufvud), SE/KrA/0414/0011/0004 (1637) ",K0024242_00001 
  ,1624,1620,"Band 12: Svenska och utländska slott, städer och fästen (Thomé) ",No 20. Gotenburg Anno 1624 ,SE/KrA/0414/0012/0020 ,"Handritade Kartverk, Band 12: Svenska och utländska slott, städer och fästen (Thomé), SE/KrA/0414/0012/0020 (1624) ",K0024304_00001 
  ,1632,1630,Band 11: Svenska planteboken (Örnehufvud) ,19. Elfzburgs Slottz Planta. Anno 1632. ,SE/KrA/0414/0011/0019 ,"Handritade Kartverk, Band 11: Svenska planteboken (Örnehufvud), SE/KrA/0414/0011/0019 (1632) ",K0024257_00001 
  ,1648,1640,"Band 21: Ut- och inländska städer, slott, fästen m.m. (Dahlberg) ",N:o 49. Schladen. ,SE/KrA/0414/0021/0072 ,"Handritade Kartverk, Band 21: Ut- och inländska städer, slott, fästen m.m. (Dahlberg), SE/KrA/0414/0021/0072 (1648) ",K0037896_00001 
  ,1699,1690,"Band 25: Plantas de diferentets plazas de Espania, Italia, Flandes, los Indias ",31. Puerto De Fornells. ,SE/KrA/0414/0025/0036 ,"Handritade Kartverk, Band 25: Plantas de diferentets plazas de Espania, Italia, Flandes, los Indias, SE/KrA/0414/0025/0036 (1699) ",K0037936_00001 
  ,1675,1670,Band 13: Delineationer och grundritningar fästningar och fort (Dahlberg) ,3. Delineation af Fästningen Calmar[...] ,SE/KrA/0414/0013/0002 ,"Handritade Kartverk, Band 13: Delineationer och grundritningar fästningar och fort (Dahlberg), SE/KrA/0414/0013/0002 (1675) ",K0024306_00001 
  ,1624,1620,Band 11: Svenska planteboken (Örnehufvud) ,22. Dessein: om Staden Fahlun huru dem gaturna Reguleres Skole. Stelt Anno 1624. ,SE/KrA/0414/0011/0022 ,"Handritade Kartverk, Band 11: Svenska planteboken (Örnehufvud), SE/KrA/0414/0011/0022 (1624) ",K0024260_00001 
  ,1699,1690,"Band 25: Plantas de diferentets plazas de Espania, Italia, Flandes, los Indias ",16. Planta De La Ciudadela De Panplona. ,SE/KrA/0414/0025/0019 ,"Handritade Kartverk, Band 25: Plantas de diferentets plazas de Espania, Italia, Flandes, los Indias, SE/KrA/0414/0025/0019 (1699) ",K0037919_00001 
  ,1699,1690,"Band 25: Plantas de diferentets plazas de Espania, Italia, Flandes, los Indias ",69. Planta De La Ciudad De Terranova. ,SE/KrA/0414/0025/0084 ,"Handritade Kartverk, Band 25: Plantas de diferentets plazas de Espania, Italia, Flandes, los Indias, SE/KrA/0414/0025/0084 (1699) ",K0037983_00001 
  ,1679,1670,Band 13: Delineationer och grundritningar fästningar och fort (Dahlberg) ,87. Geometrisch Plan af Fästningen Giötheborg[...] ,SE/KrA/0414/0013/0049 ,"Handritade Kartverk, Band 13: Delineationer och grundritningar fästningar och fort (Dahlberg), SE/KrA/0414/0013/0049 (1679) ",K0036054_00001 
  ,1634,1630,Band 11: Svenska planteboken (Örnehufvud) ,27. Kåkenhüsen. Anno 1694. ,SE/KrA/0414/0011/0027 ,"Handritade Kartverk, Band 11: Svenska planteboken (Örnehufvud), SE/KrA/0414/0011/0027 (1634) ",K0024265_00001 
  ,1699,1690,"Band 25: Plantas de diferentets plazas de Espania, Italia, Flandes, los Indias ","63. Planta De Puerto Longõ. [Porto Longone, Italien] ",SE/KrA/0414/0025/0072 ,"Handritade Kartverk, Band 25: Plantas de diferentets plazas de Espania, Italia, Flandes, los Indias, SE/KrA/0414/0025/0072 (1699) ",K0037971_00001 
  ,1699,1690,"Band 25: Plantas de diferentets plazas de Espania, Italia, Flandes, los Indias ",6. Planta De Oliva. ,SE/KrA/0414/0025/0007 ,"Handritade Kartverk, Band 25: Plantas de diferentets plazas de Espania, Italia, Flandes, los Indias, SE/KrA/0414/0025/0007 (1699) ",K0037910_00001 
  ,1699,1690,"Band 25: Plantas de diferentets plazas de Espania, Italia, Flandes, los Indias ",109. Tierra De Rossinano. ,SE/KrA/0414/0025/0126 ,"Handritade Kartverk, Band 25: Plantas de diferentets plazas de Espania, Italia, Flandes, los Indias, SE/KrA/0414/0025/0126 (1699) ",K0038019_00001 
  ,1635,1630,Band 28: Topographica practica (Getkant) ,2. Grudentinum Anno 1635 Febr 10. [Graudenz] ,SE/KrA/0414/0028/0003 ,"Handritade Kartverk, Band 28: Topographica practica (Getkant), SE/KrA/0414/0028/0003 (1635) ",K0024425_00001 
  ,1699,1690,"Band 25: Plantas de diferentets plazas de Espania, Italia, Flandes, los Indias ",70. Perspectiva Del Castillo De Marsala. ,SE/KrA/0414/0025/0087 ,"Handritade Kartverk, Band 25: Plantas de diferentets plazas de Espania, Italia, Flandes, los Indias, SE/KrA/0414/0025/0087 (1699) ",K0037986_00001 
  ,1699,1690,"Band 25: Plantas de diferentets plazas de Espania, Italia, Flandes, los Indias ","93. Planta Del Castillo De Vigievano. [Milano, Italien] ",SE/KrA/0414/0025/0110 ,"Handritade Kartverk, Band 25: Plantas de diferentets plazas de Espania, Italia, Flandes, los Indias, SE/KrA/0414/0025/0110 (1699) ",K0038006_00001 
  ,1691,1690,Band 13: Delineationer och grundritningar fästningar och fort (Dahlberg) ,102. Delineation af Staden och Fästningen Giötheborg. ,SE/KrA/0414/0013/0064 ,"Handritade Kartverk, Band 13: Delineationer och grundritningar fästningar och fort (Dahlberg), SE/KrA/0414/0013/0064 (1691) ",K0024340_00001 
  ,1627,1620,Band 11: Svenska planteboken (Örnehufvud) ,9. Callmar Cum Citu. Delinieret Anno. 1627. ,SE/KrA/0414/0011/0010 ,"Handritade Kartverk, Band 11: Svenska planteboken (Örnehufvud), SE/KrA/0414/0011/0010 (1627) ",K0024248_00001 
  ,1696,1690,Band 13: Delineationer och grundritningar fästningar och fort (Dahlberg) ,166. Geometrisch Delineation af Castelet och festningen Carlsteen. ,SE/KrA/0414/0013/0099 ,"Handritade Kartverk, Band 13: Delineationer och grundritningar fästningar och fort (Dahlberg), SE/KrA/0414/0013/0099 (1696) ",K0024355_00001 
  ,1699,1690,"Band 25: Plantas de diferentets plazas de Espania, Italia, Flandes, los Indias ","88. Planta De Pizighiton. [Pizzighettone, Italien] ",SE/KrA/0414/0025/0105 ,"Handritade Kartverk, Band 25: Plantas de diferentets plazas de Espania, Italia, Flandes, los Indias, SE/KrA/0414/0025/0105 (1699) ",K0024419_00001 
  ,1699,1690,"Band 25: Plantas de diferentets plazas de Espania, Italia, Flandes, los Indias ","32. Perspectiva De La Partie Del Castillo Y Muralla De La Ciudad De Lerida Que El Duque De Anguien Con Las Armas De Francia Entento Attacar Como Sta. [Lérida, Spanien] ",SE/KrA/0414/0025/0037 ,"Handritade Kartverk, Band 25: Plantas de diferentets plazas de Espania, Italia, Flandes, los Indias, SE/KrA/0414/0025/0037 (1699) ",K0037937_00001 
  ,1670,1670,Band 13: Delineationer och grundritningar fästningar och fort (Dahlberg) ,158. Geometrisch Delineation Opå Carlsteen Wedh Marstrand[...] ,SE/KrA/0414/0013/0093 ,"Handritade Kartverk, Band 13: Delineationer och grundritningar fästningar och fort (Dahlberg), SE/KrA/0414/0013/0093 (1670) ",K0024349_00001 
  ,1645,1640,"Band 21: Ut- och inländska städer, slott, fästen m.m. (Dahlberg) ",N:o 51. Grundtriss der Stadt undt Vöstung Leiptzig. Anno 1645. ,SE/KrA/0414/0021/0073 ,"Handritade Kartverk, Band 21: Ut- och inländska städer, slott, fästen m.m. (Dahlberg), SE/KrA/0414/0021/0073 (1645) ",K0024403_00001 
  ,1699,1690,"Band 25: Plantas de diferentets plazas de Espania, Italia, Flandes, los Indias ",66. Planta De Sciacca. ,SE/KrA/0414/0025/0076 ,"Handritade Kartverk, Band 25: Plantas de diferentets plazas de Espania, Italia, Flandes, los Indias, SE/KrA/0414/0025/0076 (1699) ",K0037975_00001 
  ,1697,1690,Band 13: Delineationer och grundritningar fästningar och fort (Dahlberg) ,167. Geometrisch Delineation utaf festningen Carlsteen wedh Marstrad[...] ,SE/KrA/0414/0013/0100 ,"Handritade Kartverk, Band 13: Delineationer och grundritningar fästningar och fort (Dahlberg), SE/KrA/0414/0013/0100 (1697) ",K0024356_00001 
  ,1699,1690,"Band 25: Plantas de diferentets plazas de Espania, Italia, Flandes, los Indias ","114. Planta De La Villa Y Ciudadela De Courtray. [Kortrijk, Belgien] ",SE/KrA/0414/0025/0131 ,"Handritade Kartverk, Band 25: Plantas de diferentets plazas de Espania, Italia, Flandes, los Indias, SE/KrA/0414/0025/0131 (1699) ",K0024420_00001 
  ,1699,1690,"Band 25: Plantas de diferentets plazas de Espania, Italia, Flandes, los Indias ",24. Planta De La Torre De Santa Elena. ,SE/KrA/0414/0025/0027 ,"Handritade Kartverk, Band 25: Plantas de diferentets plazas de Espania, Italia, Flandes, los Indias, SE/KrA/0414/0025/0027 (1699) ",K0037927_00001 
  ,1699,1690,"Band 25: Plantas de diferentets plazas de Espania, Italia, Flandes, los Indias ",99. Planta De Sabioneta. ,SE/KrA/0414/0025/0116 ,"Handritade Kartverk, Band 25: Plantas de diferentets plazas de Espania, Italia, Flandes, los Indias, SE/KrA/0414/0025/0116 (1699) ",K0038010_00001 
  ,1678,1670,Band 13: Delineationer och grundritningar fästningar och fort (Dahlberg) ,86. Delineation af Staden och fästningen Giötheborg[...] ,SE/KrA/0414/0013/0048 ,"Handritade Kartverk, Band 13: Delineationer och grundritningar fästningar och fort (Dahlberg), SE/KrA/0414/0013/0048 (1678) ",K0036053_00001 
  ,1674,1670,Band 13: Delineationer och grundritningar fästningar och fort (Dahlberg) ,1-2. Geometrisch Delineation utaf Gambla och Nya Calmare[...] ,SE/KrA/0414/0013/0001 ,"Handritade Kartverk, Band 13: Delineationer och grundritningar fästningar och fort (Dahlberg), SE/KrA/0414/0013/0001 (1674) ",K0024305_00001 
  ,1695,1690,Band 13: Delineationer och grundritningar fästningar och fort (Dahlberg) ,73. Geometrisch Plaan af Siöö Casteelet Drottningskiäär. ,SE/KrA/0414/0013/0040 ,"Handritade Kartverk, Band 13: Delineationer och grundritningar fästningar och fort (Dahlberg), SE/KrA/0414/0013/0040 (1695) ",K0024332_00001 
  ,1692,1690,Band 13: Delineationer och grundritningar fästningar och fort (Dahlberg) ,282. Plaan af Staden Riga. ,SE/KrA/0414/0013/0199 ,"Handritade Kartverk, Band 13: Delineationer och grundritningar fästningar och fort (Dahlberg), SE/KrA/0414/0013/0199 (1692) ",K0024374_00001 
  ,1634,1630,Band 11: Svenska planteboken (Örnehufvud) ,"40. Dessein om, Rehwalsche Fortificationen. Stelt Anno 1634. ",SE/KrA/0414/0011/0040 ,"Handritade Kartverk, Band 11: Svenska planteboken (Örnehufvud), SE/KrA/0414/0011/0040 (1634) ",K0024278_00001 
  ,1634,1630,Band 11: Svenska planteboken (Örnehufvud) ,"23. Neumünne Sckantz Meed Rygha, Anno 1634. ",SE/KrA/0414/0011/0023 ,"Handritade Kartverk, Band 11: Svenska planteboken (Örnehufvud), SE/KrA/0414/0011/0023 (1634) ",K0024261_00001 
  ,1699,1690,"Band 25: Plantas de diferentets plazas de Espania, Italia, Flandes, los Indias ","1. Planta De Cadis. [Cadiz, Spanien] ",SE/KrA/0414/0025/0001 ,"Handritade Kartverk, Band 25: Plantas de diferentets plazas de Espania, Italia, Flandes, los Indias, SE/KrA/0414/0025/0001 (1699) ",K0037904_00001 
  ,1697,1690,Band 13: Delineationer och grundritningar fästningar och fort (Dahlberg) ,136. Geometrisch Plaan af Siöö-Castelet Nya Elffsborgh. ,SE/KrA/0414/0013/0088 ,"Handritade Kartverk, Band 13: Delineationer och grundritningar fästningar och fort (Dahlberg), SE/KrA/0414/0013/0088 (1697) ",K0024348_00001 
  ,1648,1640,"Band 21: Ut- och inländska städer, slott, fästen m.m. (Dahlberg) ",N:o 41. Geometrischer Grundtriss der Stadt undt Vöstung Gluchstadt. ,SE/KrA/0414/0021/0059 ,"Handritade Kartverk, Band 21: Ut- och inländska städer, slott, fästen m.m. (Dahlberg), SE/KrA/0414/0021/0059 (1648) ",K0024402_00001 
  ,1648,1640,"Band 21: Ut- och inländska städer, slott, fästen m.m. (Dahlberg) ",N:o 18. Disseing Eines Sternwercks Zu  Dirsenow Anno 1648. ,SE/KrA/0414/0021/0021 ,"Handritade Kartverk, Band 21: Ut- och inländska städer, slott, fästen m.m. (Dahlberg), SE/KrA/0414/0021/0021 (1648) ",K0024392_00001 
  ,1699,1690,"Band 25: Plantas de diferentets plazas de Espania, Italia, Flandes, los Indias ","40. Planta Del Castillo Y Villa De Puitserdain. [Puigcerdá, Spanien] ",SE/KrA/0414/0025/0046 ,"Handritade Kartverk, Band 25: Plantas de diferentets plazas de Espania, Italia, Flandes, los Indias, SE/KrA/0414/0025/0046 (1699) ",K0037945_00001 
  ,1699,1690,"Band 25: Plantas de diferentets plazas de Espania, Italia, Flandes, los Indias ",70. Planta Del Castillo De Marsala. ,SE/KrA/0414/0025/0085 ,"Handritade Kartverk, Band 25: Plantas de diferentets plazas de Espania, Italia, Flandes, los Indias, SE/KrA/0414/0025/0085 (1699) ",K0037984_00001 
  ,1698,1690,Band 1: Landskaps- och länskartor Sverige (Dahlberg) ,28. Gegraphisch Charta öfwer Skåne[...] ,SE/KrA/0414/0001/0028 ,"Handritade Kartverk, Band 1: Landskaps- och länskartor Sverige (Dahlberg), SE/KrA/0414/0001/0028 (1698) ",K0036047_00001 
  ,1699,1690,"Band 25: Plantas de diferentets plazas de Espania, Italia, Flandes, los Indias ",81. Planta De La Ciudad De Novara Fortificada. ,SE/KrA/0414/0025/0098 ,"Handritade Kartverk, Band 25: Plantas de diferentets plazas de Espania, Italia, Flandes, los Indias, SE/KrA/0414/0025/0098 (1699) ",K0037996_00001 
  ,1689,1680,Band 13: Delineationer och grundritningar fästningar och fort (Dahlberg) ,100. Plaan uthaf Staden och Fästningen Giötheborg[...] ,SE/KrA/0414/0013/0062 ,"Handritade Kartverk, Band 13: Delineationer och grundritningar fästningar och fort (Dahlberg), SE/KrA/0414/0013/0062 (1689) ",K0036063_00001 
  ,1731,1730,Band 2: Vägkarteboken ,No 12. Geographisk Charta öfwer Landswägarna igenom Cronobergs Lähn[...] ,SE/KrA/0414/0002/0012 ,"Handritade Kartverk, Band 2: Vägkarteboken, SE/KrA/0414/0002/0012 (1731) ",K0036049_00001 
  ,1634,1630,Band 11: Svenska planteboken (Örnehufvud) ,31. Wollmar. Anno 1634. ,SE/KrA/0414/0011/0031 ,"Handritade Kartverk, Band 11: Svenska planteboken (Örnehufvud), SE/KrA/0414/0011/0031 (1634) ",K0024269_00001 
  ,1694,1690,Band 13: Delineationer och grundritningar fästningar och fort (Dahlberg) ,308. Plaan af fästningen Nymynde. ,SE/KrA/0414/0013/0219 ,"Handritade Kartverk, Band 13: Delineationer och grundritningar fästningar och fort (Dahlberg), SE/KrA/0414/0013/0219 (1694) ",K0024378_00001 
  ,1699,1690,"Band 25: Plantas de diferentets plazas de Espania, Italia, Flandes, los Indias ","97. Planta Del Final. [Finale Ligure, Italien] ",SE/KrA/0414/0025/0114 ,"Handritade Kartverk, Band 25: Plantas de diferentets plazas de Espania, Italia, Flandes, los Indias, SE/KrA/0414/0025/0114 (1699) ",K0036080_00001 
  ,1699,1690,"Band 25: Plantas de diferentets plazas de Espania, Italia, Flandes, los Indias ","110. Planta De La Ciudadela De Casal Del Monferrado. [Casale, Italien] ",SE/KrA/0414/0025/0127 ,"Handritade Kartverk, Band 25: Plantas de diferentets plazas de Espania, Italia, Flandes, los Indias, SE/KrA/0414/0025/0127 (1699) ",K0038020_00001 
  ,1693,1690,Band 13: Delineationer och grundritningar fästningar och fort (Dahlberg) ,245. Plan af Staden och fästningen Refwal[...] ,SE/KrA/0414/0013/0169 ,"Handritade Kartverk, Band 13: Delineationer och grundritningar fästningar och fort (Dahlberg), SE/KrA/0414/0013/0169 (1693) ",K0024366_00001 
  ,1699,1690,"Band 25: Plantas de diferentets plazas de Espania, Italia, Flandes, los Indias ","26. Planta De La Ciudad De Caragoca. [Zaragoza, Spanien] ",SE/KrA/0414/0025/0029 ,"Handritade Kartverk, Band 25: Plantas de diferentets plazas de Espania, Italia, Flandes, los Indias, SE/KrA/0414/0025/0029 (1699) ",K0037929_00001 
  ,1635,1630,Band 28: Topographica practica (Getkant) ,4. Situs Leopoliensis. Per Fridericum Getkant recognitus. A. 1635 Setemb. [Lemberg/Lwow] ,SE/KrA/0414/0028/0005 ,"Handritade Kartverk, Band 28: Topographica practica (Getkant), SE/KrA/0414/0028/0005 (1635) ",K0024427_00001 
  ,1675,1670,Band 13: Delineationer och grundritningar fästningar och fort (Dahlberg) ,82. Geometrisch Plaan utaf Staden och festningen Giötheborgh[...] ,SE/KrA/0414/0013/0044 ,"Handritade Kartverk, Band 13: Delineationer och grundritningar fästningar och fort (Dahlberg), SE/KrA/0414/0013/0044 (1675) ",K0024334_00001 
  ,1696,1690,Band 13: Delineationer och grundritningar fästningar och fort (Dahlberg) ,107. Geometrisch Plan af Staden och Fästningen Giötheborg. ,SE/KrA/0414/0013/0069 ,"Handritade Kartverk, Band 13: Delineationer och grundritningar fästningar och fort (Dahlberg), SE/KrA/0414/0013/0069 (1696) ",K0036065_00001 
  ,1699,1690,"Band 25: Plantas de diferentets plazas de Espania, Italia, Flandes, los Indias ","22. Castillo Y Villa De Verdun. [Berdún, Spanien] ",SE/KrA/0414/0025/0025 ,"Handritade Kartverk, Band 25: Plantas de diferentets plazas de Espania, Italia, Flandes, los Indias, SE/KrA/0414/0025/0025 (1699) ",K0037925_00001 
  ,1655,1650,"Band 25: Plantas de diferentets plazas de Espania, Italia, Flandes, los Indias ",80. Sitio Y Defensa De La Ciudad De Pavia. ,SE/KrA/0414/0025/0097 ,"Handritade Kartverk, Band 25: Plantas de diferentets plazas de Espania, Italia, Flandes, los Indias, SE/KrA/0414/0025/0097 (1655) ",K0036079_00001 
  ,1699,1690,"Band 25: Plantas de diferentets plazas de Espania, Italia, Flandes, los Indias ",28. Planta De Mallorca. ,SE/KrA/0414/0025/0031 ,"Handritade Kartverk, Band 25: Plantas de diferentets plazas de Espania, Italia, Flandes, los Indias, SE/KrA/0414/0025/0031 (1699) ",K0037931_00001 
  ,1697,1690,Band 13: Delineationer och grundritningar fästningar och fort (Dahlberg) ,195. Geometrisch Plaan af Staden och Fästningen Malmöö. ,SE/KrA/0414/0013/0128 ,"Handritade Kartverk, Band 13: Delineationer och grundritningar fästningar och fort (Dahlberg), SE/KrA/0414/0013/0128 (1697) ",K0037888_00001 
  ,1699,1690,"Band 25: Plantas de diferentets plazas de Espania, Italia, Flandes, los Indias ",35. Planta De Tarragona. ,SE/KrA/0414/0025/0040 ,"Handritade Kartverk, Band 25: Plantas de diferentets plazas de Espania, Italia, Flandes, los Indias, SE/KrA/0414/0025/0040 (1699) ",K0037940_00001 
  ,1634,1630,Band 11: Svenska planteboken (Örnehufvud) ,36. Dorpat Anno 1634. ,SE/KrA/0414/0011/0036 ,"Handritade Kartverk, Band 11: Svenska planteboken (Örnehufvud), SE/KrA/0414/0011/0036 (1634) ",K0024274_00001 
  ,1626,1620,"Band 12: Svenska och utländska slott, städer och fästen (Thomé) ",No 17. Stockholm Anno 1626 ,SE/KrA/0414/0012/0017 ,"Handritade Kartverk, Band 12: Svenska och utländska slott, städer och fästen (Thomé), SE/KrA/0414/0012/0017 (1626) ",K0024301_00001 
  ,1699,1690,"Band 25: Plantas de diferentets plazas de Espania, Italia, Flandes, los Indias ","43. Planta Del Castillo De Carol. [Carol (ej ident.), Frankrike] ",SE/KrA/0414/0025/0049 ,"Handritade Kartverk, Band 25: Plantas de diferentets plazas de Espania, Italia, Flandes, los Indias, SE/KrA/0414/0025/0049 (1699) ",K0037948_00001 
  ,1699,1690,"Band 25: Plantas de diferentets plazas de Espania, Italia, Flandes, los Indias ",55. Planta De La Ciuda De Cabo Verde. ,SE/KrA/0414/0025/0061 ,"Handritade Kartverk, Band 25: Plantas de diferentets plazas de Espania, Italia, Flandes, los Indias, SE/KrA/0414/0025/0061 (1699) ",K0037960_00001 
  ,1694,1690,Band 13: Delineationer och grundritningar fästningar och fort (Dahlberg) ,246. Geometrisch Plaan af Staden och festningen Refwal[...] ,SE/KrA/0414/0013/0170 ,"Handritade Kartverk, Band 13: Delineationer och grundritningar fästningar och fort (Dahlberg), SE/KrA/0414/0013/0170 (1694) ",K0024367_00001 
  ,1682,1680,Band 13: Delineationer och grundritningar fästningar och fort (Dahlberg) ,394-395. Plaan och Profil öfwer Hwalfisken[...] ,SE/KrA/0414/0013/0284 ,"Handritade Kartverk, Band 13: Delineationer och grundritningar fästningar och fort (Dahlberg), SE/KrA/0414/0013/0284 (1682) ",K0024383_00001 
  ,1648,1640,"Band 21: Ut- och inländska städer, slott, fästen m.m. (Dahlberg) ",N:o 19. Schwedt. ,SE/KrA/0414/0021/0024 ,"Handritade Kartverk, Band 21: Ut- och inländska städer, slott, fästen m.m. (Dahlberg), SE/KrA/0414/0021/0024 (1648) ",K0036072_00001 
  ,1643,1640,"Band 12: Svenska och utländska slott, städer och fästen (Thomé) ",No 13. Der Weissebergs Beschaffenheit Ao 1638[...] ,SE/KrA/0414/0012/0013 ,"Handritade Kartverk, Band 12: Svenska och utländska slott, städer och fästen (Thomé), SE/KrA/0414/0012/0013 (1643) ",K0024297_00001 
  ,1699,1690,"Band 25: Plantas de diferentets plazas de Espania, Italia, Flandes, los Indias ",116. Traducion De Flamenco En Castellan. [Ritning av en undervattensbåt.] ,SE/KrA/0414/0025/0133 ,"Handritade Kartverk, Band 25: Plantas de diferentets plazas de Espania, Italia, Flandes, los Indias, SE/KrA/0414/0025/0133 (1699) ",K0038025_00001 
  ,1687,1680,Band 13: Delineationer och grundritningar fästningar och fort (Dahlberg) ,205. Plan af Staden och festningen Narfwen. ,SE/KrA/0414/0013/0136 ,"Handritade Kartverk, Band 13: Delineationer och grundritningar fästningar och fort (Dahlberg), SE/KrA/0414/0013/0136 (1687) ",K0037894_00001 
  ,1692,1690,Band 13: Delineationer och grundritningar fästningar och fort (Dahlberg) ,244. Plaan af Staden och Slåttet Refwal[...] ,SE/KrA/0414/0013/0168 ,"Handritade Kartverk, Band 13: Delineationer och grundritningar fästningar och fort (Dahlberg), SE/KrA/0414/0013/0168 (1692) ",K0024365_00001 
  ,1648,1640,"Band 21: Ut- och inländska städer, slott, fästen m.m. (Dahlberg) ",N:o 17. Geometrisch Grundtriss der Vöstung Drisen. Anno 1648. ,SE/KrA/0414/0021/0018 ,"Handritade Kartverk, Band 21: Ut- och inländska städer, slott, fästen m.m. (Dahlberg), SE/KrA/0414/0021/0018 (1648) ",K0024390_00001 
  ,1699,1690,"Band 25: Plantas de diferentets plazas de Espania, Italia, Flandes, los Indias ","57. El Tercero Alto. [Mina (ej ident.), Spanien] ",SE/KrA/0414/0025/0066 ,"Handritade Kartverk, Band 25: Plantas de diferentets plazas de Espania, Italia, Flandes, los Indias, SE/KrA/0414/0025/0066 (1699) ",K0037965_00001 
  ,1699,1690,"Band 25: Plantas de diferentets plazas de Espania, Italia, Flandes, los Indias ",11. Planta De Castro Marin. ,SE/KrA/0414/0025/0012 ,"Handritade Kartverk, Band 25: Plantas de diferentets plazas de Espania, Italia, Flandes, los Indias, SE/KrA/0414/0025/0012 (1699) ",K0037914_00001 
  ,1699,1690,"Band 25: Plantas de diferentets plazas de Espania, Italia, Flandes, los Indias ",90. Planta De La Ciudad Y Castillo De Lodi. ,SE/KrA/0414/0025/0107 ,"Handritade Kartverk, Band 25: Plantas de diferentets plazas de Espania, Italia, Flandes, los Indias, SE/KrA/0414/0025/0107 (1699) ",K0038003_00001 
  ,1697,1690,Band 13: Delineationer och grundritningar fästningar och fort (Dahlberg) ,288. Geometrisch Delineation uthaf Cobrons Schanz. ,SE/KrA/0414/0013/0203 ,"Handritade Kartverk, Band 13: Delineationer och grundritningar fästningar och fort (Dahlberg), SE/KrA/0414/0013/0203 (1697) ",K0024375_00001 
  ,1811,1810,"Band 32: Fästningar Västkusten och Skåne (Gillberg, Boman) ",5. Plan af Batterierne Billingen vid segelleden intill Götheborgs Skeppshamn. Stockholm den 24 April 1811. N: Ledergren Ritat af A. P. Boman. Lieutenant. ,SE/KrA/0414/0032/0005 ,"Handritade Kartverk, Band 32: Fästningar Västkusten och Skåne (Gillberg, Boman), SE/KrA/0414/0032/0005 (1811) ",K0038031_00001 
  ,1686,1680,Band 13: Delineationer och grundritningar fästningar och fort (Dahlberg) ,29. Grimskiär Skantz med Calmare[...] ,SE/KrA/0414/0013/0025 ,"Handritade Kartverk, Band 13: Delineationer och grundritningar fästningar och fort (Dahlberg), SE/KrA/0414/0013/0025 (1686) ",K0024321_00001 
  ,1699,1690,"Band 25: Plantas de diferentets plazas de Espania, Italia, Flandes, los Indias ","87. Forte De Fuentes. [Fuentes (ej ident.), Italien] ",SE/KrA/0414/0025/0104 ,"Handritade Kartverk, Band 25: Plantas de diferentets plazas de Espania, Italia, Flandes, los Indias, SE/KrA/0414/0025/0104 (1699) ",K0038001_00001 
  ,1695,1690,Band 13: Delineationer och grundritningar fästningar och fort (Dahlberg) ,247. Gometrisch Charta af Staden och festningen Refwall[...] ,SE/KrA/0414/0013/0171 ,"Handritade Kartverk, Band 13: Delineationer och grundritningar fästningar och fort (Dahlberg), SE/KrA/0414/0013/0171 (1695) ",K0024368_00001 
  ,1685,1680,Band 13: Delineationer och grundritningar fästningar och fort (Dahlberg) ,94. Geometrisch Plaan af Staden och Fästningen Giötheborgh[...] ,SE/KrA/0414/0013/0056 ,"Handritade Kartverk, Band 13: Delineationer och grundritningar fästningar och fort (Dahlberg), SE/KrA/0414/0013/0056 (1685) ",K0036059_00001 
  ,1699,1690,"Band 25: Plantas de diferentets plazas de Espania, Italia, Flandes, los Indias ",21. Planta De La Torre De Anso. ,SE/KrA/0414/0025/0024 ,"Handritade Kartverk, Band 25: Plantas de diferentets plazas de Espania, Italia, Flandes, los Indias, SE/KrA/0414/0025/0024 (1699) ",K0037924_00001 
  ,1699,1690,"Band 25: Plantas de diferentets plazas de Espania, Italia, Flandes, los Indias ","34. Planta De La Villa De Axer. [Ager, Spanien] ",SE/KrA/0414/0025/0039 ,"Handritade Kartverk, Band 25: Plantas de diferentets plazas de Espania, Italia, Flandes, los Indias, SE/KrA/0414/0025/0039 (1699) ",K0037939_00001 
  ,1699,1690,"Band 25: Plantas de diferentets plazas de Espania, Italia, Flandes, los Indias ","30. Planta Del Lugar De La Albuguera. [la Albufera, Spanien] ",SE/KrA/0414/0025/0034 ,"Handritade Kartverk, Band 25: Plantas de diferentets plazas de Espania, Italia, Flandes, los Indias, SE/KrA/0414/0025/0034 (1699) ",K0037934_00001 
  ,1638,1630,"Band 21: Ut- och inländska städer, slott, fästen m.m. (Dahlberg) ",N:o 20. Schlage. A: 1638. ,SE/KrA/0414/0021/0026 ,"Handritade Kartverk, Band 21: Ut- och inländska städer, slott, fästen m.m. (Dahlberg), SE/KrA/0414/0021/0026 (1638) ",K0024394_00001 
  ,1648,1640,"Band 21: Ut- och inländska städer, slott, fästen m.m. (Dahlberg) ",N:o 65. Kornewburgh. Wie daselbe von des Herrn Feldtmarschall Torstensons Exell:co fortificiret. Anno 1645. ,SE/KrA/0414/0021/0087 ,"Handritade Kartverk, Band 21: Ut- och inländska städer, slott, fästen m.m. (Dahlberg), SE/KrA/0414/0021/0087 (1648) ",K0037898_00001 
  ,1699,1690,"Band 25: Plantas de diferentets plazas de Espania, Italia, Flandes, los Indias ","42. Planta Del Castillo De Puitsvaledor. [Puyvalador, Frankrike] ",SE/KrA/0414/0025/0048 ,"Handritade Kartverk, Band 25: Plantas de diferentets plazas de Espania, Italia, Flandes, los Indias, SE/KrA/0414/0025/0048 (1699) ",K0037947_00001 
  ,1699,1690,"Band 25: Plantas de diferentets plazas de Espania, Italia, Flandes, los Indias ","71. Castillo De Castelaco. [Castelaco (ej ident.), Italien] ",SE/KrA/0414/0025/0088 ,"Handritade Kartverk, Band 25: Plantas de diferentets plazas de Espania, Italia, Flandes, los Indias, SE/KrA/0414/0025/0088 (1699) ",K0037987_00001 
  ,1699,1690,"Band 25: Plantas de diferentets plazas de Espania, Italia, Flandes, los Indias ","57. El Segundo Alto. [Mina (ej ident.), Spanien] ",SE/KrA/0414/0025/0065 ,"Handritade Kartverk, Band 25: Plantas de diferentets plazas de Espania, Italia, Flandes, los Indias, SE/KrA/0414/0025/0065 (1699) ",K0037964_00001 
  ,1680,1680,Band 13: Delineationer och grundritningar fästningar och fort (Dahlberg) ,9. Geometrisch Plaan af Staden och festningen Calmare[...] ,SE/KrA/0414/0013/0008 ,"Handritade Kartverk, Band 13: Delineationer och grundritningar fästningar och fort (Dahlberg), SE/KrA/0414/0013/0008 (1680) ",K0024312_00001 
  ,1636,1630,Band 11: Svenska planteboken (Örnehufvud) ,14. Jönneköping i Småland. Anno 1636. ,SE/KrA/0414/0011/0014 ,"Handritade Kartverk, Band 11: Svenska planteboken (Örnehufvud), SE/KrA/0414/0011/0014 (1636) ",K0024252_00001 
  ,1699,1690,"Band 25: Plantas de diferentets plazas de Espania, Italia, Flandes, los Indias ",94. Planta De Valencia Del Po. ,SE/KrA/0414/0025/0111 ,"Handritade Kartverk, Band 25: Plantas de diferentets plazas de Espania, Italia, Flandes, los Indias, SE/KrA/0414/0025/0111 (1699) ",K0038007_00001 
  ,1687,1680,Band 13: Delineationer och grundritningar fästningar och fort (Dahlberg) ,98. Geometrisch Plan af Fästningen Giötheborg[...] ,SE/KrA/0414/0013/0060 ,"Handritade Kartverk, Band 13: Delineationer och grundritningar fästningar och fort (Dahlberg), SE/KrA/0414/0013/0060 (1687) ",K0024338_00001 
  ,1676,1670,Band 13: Delineationer och grundritningar fästningar och fort (Dahlberg) ,5. Delineation uthaf Staden och fästningen Calmar[...] ,SE/KrA/0414/0013/0004 ,"Handritade Kartverk, Band 13: Delineationer och grundritningar fästningar och fort (Dahlberg), SE/KrA/0414/0013/0004 (1676) ",K0024308_00001 
  ,1684,1680,Band 13: Delineationer och grundritningar fästningar och fort (Dahlberg) ,202. Plaan af Staden och festningen Narfwen. ,SE/KrA/0414/0013/0133 ,"Handritade Kartverk, Band 13: Delineationer och grundritningar fästningar och fort (Dahlberg), SE/KrA/0414/0013/0133 (1684) ",K0037891_00001 
  ,1648,1640,"Band 21: Ut- och inländska städer, slott, fästen m.m. (Dahlberg) ",N:o 14. Geometrisch Grundtriss der Stadt und Vöstung Stetin. Anno 1648. ,SE/KrA/0414/0021/0014 ,"Handritade Kartverk, Band 21: Ut- och inländska städer, slott, fästen m.m. (Dahlberg), SE/KrA/0414/0021/0014 (1648) ",K0024389_00001 
  ,1699,1690,"Band 25: Plantas de diferentets plazas de Espania, Italia, Flandes, los Indias ",104. Planta De La Placa Y Sitio De Cresentino. ,SE/KrA/0414/0025/0121 ,"Handritade Kartverk, Band 25: Plantas de diferentets plazas de Espania, Italia, Flandes, los Indias, SE/KrA/0414/0025/0121 (1699) ",K0038015_00001 
  ,1695,1690,Band 13: Delineationer och grundritningar fästningar och fort (Dahlberg) ,165. Geometrisch Plaan af Castelet Wedh Marstrandh Carlsteen. ,SE/KrA/0414/0013/0098 ,"Handritade Kartverk, Band 13: Delineationer och grundritningar fästningar och fort (Dahlberg), SE/KrA/0414/0013/0098 (1695) ",K0024354_00001 
  ,1634,1630,Band 11: Svenska planteboken (Örnehufvud) ,37. Pärnow Anno 1634. ,SE/KrA/0414/0011/0037 ,"Handritade Kartverk, Band 11: Svenska planteboken (Örnehufvud), SE/KrA/0414/0011/0037 (1634) ",K0024275_00001 
  ,1687,1680,Band 13: Delineationer och grundritningar fästningar och fort (Dahlberg) ,16. Planta af Staden och festningen Callmare. ,SE/KrA/0414/0013/0015 ,"Handritade Kartverk, Band 13: Delineationer och grundritningar fästningar och fort (Dahlberg), SE/KrA/0414/0013/0015 (1687) ",K0024319_00001 
  ,1699,1690,"Band 25: Plantas de diferentets plazas de Espania, Italia, Flandes, los Indias ","17. Planta De La Ciudadela Y Ciudad De Iaca. [Jaca, Spanien] ",SE/KrA/0414/0025/0020 ,"Handritade Kartverk, Band 25: Plantas de diferentets plazas de Espania, Italia, Flandes, los Indias, SE/KrA/0414/0025/0020 (1699) ",K0037920_00001 
  ,1676,1670,Band 13: Delineationer och grundritningar fästningar och fort (Dahlberg) ,84. Geometrisch Plaan af Staden och festningen Giötheborgh[...] ,SE/KrA/0414/0013/0046 ,"Handritade Kartverk, Band 13: Delineationer och grundritningar fästningar och fort (Dahlberg), SE/KrA/0414/0013/0046 (1676) ",K0024335_00001 
  ,1699,1690,"Band 25: Plantas de diferentets plazas de Espania, Italia, Flandes, los Indias ",83. Planta De La Ciudad Y Castillo De Cremona. ,SE/KrA/0414/0025/0100 ,"Handritade Kartverk, Band 25: Plantas de diferentets plazas de Espania, Italia, Flandes, los Indias, SE/KrA/0414/0025/0100 (1699) ",K0037997_00001 
  ,1694,1690,Band 13: Delineationer och grundritningar fästningar och fort (Dahlberg) ,50a. Hans Excell:ce Kongl: Rådetz och Fäldtmarskallens Grefwe Erich Dahlbergs Desein öfwer någre Wärck som Separera Skiepsflåttan och Wärfwet ifrån Staden Carlscrona[...] ,SE/KrA/0414/0013/0030 ,"Handritade Kartverk, Band 13: Delineationer och grundritningar fästningar och fort (Dahlberg), SE/KrA/0414/0013/0030 (1694) ",K0024324_00001 
  ,1692,1690,Band 13: Delineationer och grundritningar fästningar och fort (Dahlberg) ,349. Plaan af Slottet och fästningen Arnsborgh. ,SE/KrA/0414/0013/0251 ,"Handritade Kartverk, Band 13: Delineationer och grundritningar fästningar och fort (Dahlberg), SE/KrA/0414/0013/0251 (1692) ",K0024382_00001 
  ,1638,1630,"Band 21: Ut- och inländska städer, slott, fästen m.m. (Dahlberg) ",N:o 20. Greifenbergh. A: 1638. ,SE/KrA/0414/0021/0025 ,"Handritade Kartverk, Band 21: Ut- och inländska städer, slott, fästen m.m. (Dahlberg), SE/KrA/0414/0021/0025 (1638) ",K0024393_00001 
  ,1699,1690,"Band 25: Plantas de diferentets plazas de Espania, Italia, Flandes, los Indias ",2. Puntal De Cadiz. ,SE/KrA/0414/0025/0003 ,"Handritade Kartverk, Band 25: Plantas de diferentets plazas de Espania, Italia, Flandes, los Indias, SE/KrA/0414/0025/0003 (1699) ",K0037906_00001 
  ,1688,1680,Band 13: Delineationer och grundritningar fästningar och fort (Dahlberg) ,131. Geometrisch Delineation af Tornet Cronan[...] ,SE/KrA/0414/0013/0083 ,"Handritade Kartverk, Band 13: Delineationer och grundritningar fästningar och fort (Dahlberg), SE/KrA/0414/0013/0083 (1688) ",K0036068_00001 
  ,1696,1690,Band 13: Delineationer och grundritningar fästningar och fort (Dahlberg) ,333-334. Geometrisch Plaan Öfwer Staden Dorpat. ,SE/KrA/0414/0013/0236 ,"Handritade Kartverk, Band 13: Delineationer och grundritningar fästningar och fort (Dahlberg), SE/KrA/0414/0013/0236 (1696) ",K0024381_00001 
  ,1699,1690,"Band 25: Plantas de diferentets plazas de Espania, Italia, Flandes, los Indias ",2. Cadiz. ,SE/KrA/0414/0025/0002 ,"Handritade Kartverk, Band 25: Plantas de diferentets plazas de Espania, Italia, Flandes, los Indias, SE/KrA/0414/0025/0002 (1699) ",K0037905_00001 
  ,1699,1690,"Band 25: Plantas de diferentets plazas de Espania, Italia, Flandes, los Indias ","112. Fuerte De Mardique. [Fort-Mardyek, Frankrike] ",SE/KrA/0414/0025/0129 ,"Handritade Kartverk, Band 25: Plantas de diferentets plazas de Espania, Italia, Flandes, los Indias, SE/KrA/0414/0025/0129 (1699) ",K0038022_00001 
  ,1699,1690,"Band 25: Plantas de diferentets plazas de Espania, Italia, Flandes, los Indias ","67. Planta Del Castillo De Giorgente. [Giorgente (ej ident.), Italien] ",SE/KrA/0414/0025/0080 ,"Handritade Kartverk, Band 25: Plantas de diferentets plazas de Espania, Italia, Flandes, los Indias, SE/KrA/0414/0025/0080 (1699) ",K0037979_00001 
  ,1634,1630,Band 11: Svenska planteboken (Örnehufvud) ,45. Wybürgs Festning Anno 1634. ,SE/KrA/0414/0011/0045 ,"Handritade Kartverk, Band 11: Svenska planteboken (Örnehufvud), SE/KrA/0414/0011/0045 (1634) ",K0024283_00001 
  ,1636,1630,Band 11: Svenska planteboken (Örnehufvud) ,10. Calmare Fästning Anno 1636. ,SE/KrA/0414/0011/0011 ,"Handritade Kartverk, Band 11: Svenska planteboken (Örnehufvud), SE/KrA/0414/0011/0011 (1636) ",K0024249_00001 
  ,1699,1690,"Band 25: Plantas de diferentets plazas de Espania, Italia, Flandes, los Indias ",74. Planta De Mazzara. ,SE/KrA/0414/0025/0091 ,"Handritade Kartverk, Band 25: Plantas de diferentets plazas de Espania, Italia, Flandes, los Indias, SE/KrA/0414/0025/0091 (1699) ",K0037990_00001 
  ,1683,1680,Band 13: Delineationer och grundritningar fästningar och fort (Dahlberg) ,201. Plaan af Staden och festningen Narfwen[...] ,SE/KrA/0414/0013/0132 ,"Handritade Kartverk, Band 13: Delineationer och grundritningar fästningar och fort (Dahlberg), SE/KrA/0414/0013/0132 (1683) ",K0024358_00001 
  ,1731,1730,Band 2: Vägkarteboken ,No 8. Geographisk Charta öfwer Landswägarne igenom Skaraborgs Lähn[...] ,SE/KrA/0414/0002/0008 ,"Handritade Kartverk, Band 2: Vägkarteboken, SE/KrA/0414/0002/0008 (1731) ",K0036048_00001 
  ,1728,1720,Band 33: Handritade och tryckta kartor Europa ,"[Hanau, Tyskland] ",SE/KrA/0414/0033/0030 ,"Handritade Kartverk, Band 33: Handritade och tryckta kartor Europa, SE/KrA/0414/0033/0030 (1728) ",K0024439_00001 
  ,1648,1640,"Band 21: Ut- och inländska städer, slott, fästen m.m. (Dahlberg) ",N:o 38. Wittlage. ,SE/KrA/0414/0021/0056 ,"Handritade Kartverk, Band 21: Ut- och inländska städer, slott, fästen m.m. (Dahlberg), SE/KrA/0414/0021/0056 (1648) ",K0024401_00001 
  ,1699,1690,"Band 25: Plantas de diferentets plazas de Espania, Italia, Flandes, los Indias ",85. El Castillo De Gonzaga. ,SE/KrA/0414/0025/0102 ,"Handritade Kartverk, Band 25: Plantas de diferentets plazas de Espania, Italia, Flandes, los Indias, SE/KrA/0414/0025/0102 (1699) ",K0037999_00001 
  ,1682,1680,Band 13: Delineationer och grundritningar fästningar och fort (Dahlberg) ,11. Geometrisch Delineation af festningen Calmare[...] ,SE/KrA/0414/0013/0010 ,"Handritade Kartverk, Band 13: Delineationer och grundritningar fästningar och fort (Dahlberg), SE/KrA/0414/0013/0010 (1682) ",K0024314_00001 
  ,1697,1690,Band 13: Delineationer och grundritningar fästningar och fort (Dahlberg) ,135. Geometrisch Plaan och Profil öfwer Tornet Cronan. ,SE/KrA/0414/0013/0087 ,"Handritade Kartverk, Band 13: Delineationer och grundritningar fästningar och fort (Dahlberg), SE/KrA/0414/0013/0087 (1697) ",K0024347_00001 
  ,1699,1690,"Band 25: Plantas de diferentets plazas de Espania, Italia, Flandes, los Indias ","33. Planta De La Ciudad, Ciudadela, Y Castillo De Lerida, Y Casti Degarde. [Lérida, Spanien] ",SE/KrA/0414/0025/0038 ,"Handritade Kartverk, Band 25: Plantas de diferentets plazas de Espania, Italia, Flandes, los Indias, SE/KrA/0414/0025/0038 (1699) ",K0037938_00001 
  ,1688,1680,Band 13: Delineationer och grundritningar fästningar och fort (Dahlberg) ,99. Geometrisch Plan af Staden och Fästningen Giötheborg[...] ,SE/KrA/0414/0013/0061 ,"Handritade Kartverk, Band 13: Delineationer och grundritningar fästningar och fort (Dahlberg), SE/KrA/0414/0013/0061 (1688) ",K0024339_00001 
  ,1628,1620,Band 11: Svenska planteboken (Örnehufvud) ,21. Fahlun medh Kopperberget. Anno 1628. ,SE/KrA/0414/0011/0021 ,"Handritade Kartverk, Band 11: Svenska planteboken (Örnehufvud), SE/KrA/0414/0011/0021 (1628) ",K0024259_00001 
  ,1699,1690,"Band 25: Plantas de diferentets plazas de Espania, Italia, Flandes, los Indias ",73. Planta De La Ciudad Y Castillo De Trapani. ,SE/KrA/0414/0025/0090 ,"Handritade Kartverk, Band 25: Plantas de diferentets plazas de Espania, Italia, Flandes, los Indias, SE/KrA/0414/0025/0090 (1699) ",K0037989_00001 
  ,1687,1680,Band 13: Delineationer och grundritningar fästningar och fort (Dahlberg) ,400. Delineation af Hwalfisken 1687. ,SE/KrA/0414/0013/0289 ,"Handritade Kartverk, Band 13: Delineationer och grundritningar fästningar och fort (Dahlberg), SE/KrA/0414/0013/0289 (1687) ",K0024384_00001 
  ,1686,1680,Band 13: Delineationer och grundritningar fästningar och fort (Dahlberg) ,238. Staden Slottet och Dommen wedh Räfwell[...] ,SE/KrA/0414/0013/0162 ,"Handritade Kartverk, Band 13: Delineationer och grundritningar fästningar och fort (Dahlberg), SE/KrA/0414/0013/0162 (1686) ",K0024360_00001 
  ,1648,1640,"Band 21: Ut- och inländska städer, slott, fästen m.m. (Dahlberg) ",N:o 72. Abriss des Torgowschen Lagers Anno 1637. ,SE/KrA/0414/0021/0096 ,"Handritade Kartverk, Band 21: Ut- och inländska städer, slott, fästen m.m. (Dahlberg), SE/KrA/0414/0021/0096 (1648) ",K0024404_00001 
  ,1697,1690,Band 13: Delineationer och grundritningar fästningar och fort (Dahlberg) ,108. Geometrisch Delineation opå Staden och Festningen Giötheborg. ,SE/KrA/0414/0013/0070 ,"Handritade Kartverk, Band 13: Delineationer och grundritningar fästningar och fort (Dahlberg), SE/KrA/0414/0013/0070 (1697) ",K0036066_00001 
  ,1699,1690,"Band 25: Plantas de diferentets plazas de Espania, Italia, Flandes, los Indias ","57. El Primiero Alto. [Mina (ej ident.), Spanien] ",SE/KrA/0414/0025/0063 ,"Handritade Kartverk, Band 25: Plantas de diferentets plazas de Espania, Italia, Flandes, los Indias, SE/KrA/0414/0025/0063 (1699) ",K0037962_00001 
  ,1686,1680,Band 13: Delineationer och grundritningar fästningar och fort (Dahlberg) ,15. Plaan af Staden och fästningen Calmar[...] ,SE/KrA/0414/0013/0014 ,"Handritade Kartverk, Band 13: Delineationer och grundritningar fästningar och fort (Dahlberg), SE/KrA/0414/0013/0014 (1686) ",K0024318_00001 
  ,1699,1690,"Band 25: Plantas de diferentets plazas de Espania, Italia, Flandes, los Indias ",101. Planta Del Sitio De Verceli. ,SE/KrA/0414/0025/0118 ,"Handritade Kartverk, Band 25: Plantas de diferentets plazas de Espania, Italia, Flandes, los Indias, SE/KrA/0414/0025/0118 (1699) ",K0038012_00001 
  ,1627,1620,Band 11: Svenska planteboken (Örnehufvud) ,15. Jöneköpings dessein huru det ähr ährnet fortificeres. Anno 1627. Delinierat. ,SE/KrA/0414/0011/0015 ,"Handritade Kartverk, Band 11: Svenska planteboken (Örnehufvud), SE/KrA/0414/0011/0015 (1627) ",K0024253_00001 
  ,1699,1690,"Band 25: Plantas de diferentets plazas de Espania, Italia, Flandes, los Indias ","102. Planta De Trin. [Trino, Italien] ",SE/KrA/0414/0025/0119 ,"Handritade Kartverk, Band 25: Plantas de diferentets plazas de Espania, Italia, Flandes, los Indias, SE/KrA/0414/0025/0119 (1699) ",K0038013_00001 
  ,1682,1680,Band 13: Delineationer och grundritningar fästningar och fort (Dahlberg) ,200. Plan af Staden och festningen Narfwen[...] ,SE/KrA/0414/0013/0131 ,"Handritade Kartverk, Band 13: Delineationer och grundritningar fästningar och fort (Dahlberg), SE/KrA/0414/0013/0131 (1682) ",K0037890_00001 
  ,1686,1680,Band 13: Delineationer och grundritningar fästningar och fort (Dahlberg) ,204. Plaan af Staden och festningen Narfwen. ,SE/KrA/0414/0013/0135 ,"Handritade Kartverk, Band 13: Delineationer och grundritningar fästningar och fort (Dahlberg), SE/KrA/0414/0013/0135 (1686) ",K0037893_00001 
  ,1690,1690,Band 13: Delineationer och grundritningar fästningar och fort (Dahlberg) ,133. Plaan och Profil af Tornet Cronan[...] ,SE/KrA/0414/0013/0085 ,"Handritade Kartverk, Band 13: Delineationer och grundritningar fästningar och fort (Dahlberg), SE/KrA/0414/0013/0085 (1690) ",K0036070_00001 
  ,1634,1630,Band 11: Svenska planteboken (Örnehufvud) ,44. Käxholms Festning Anno 1634. ,SE/KrA/0414/0011/0044 ,"Handritade Kartverk, Band 11: Svenska planteboken (Örnehufvud), SE/KrA/0414/0011/0044 (1634) ",K0024282_00001 
  ,1683,1680,Band 13: Delineationer och grundritningar fästningar och fort (Dahlberg) ,91. Geometrisch Plan af Staden och festningen Giötheborgh[...] ,SE/KrA/0414/0013/0053 ,"Handritade Kartverk, Band 13: Delineationer och grundritningar fästningar och fort (Dahlberg), SE/KrA/0414/0013/0053 (1683) ",K0024337_00001 
  ,1699,1690,"Band 25: Plantas de diferentets plazas de Espania, Italia, Flandes, los Indias ","15. Placa De Fuenterrauia. [Fuentarrabia, Spanien] ",SE/KrA/0414/0025/0018 ,"Handritade Kartverk, Band 25: Plantas de diferentets plazas de Espania, Italia, Flandes, los Indias, SE/KrA/0414/0025/0018 (1699) ",K0037918_00001 
  ,1680,1680,Band 13: Delineationer och grundritningar fästningar och fort (Dahlberg) ,88. Geometrisch Plaan af Staden och fästningen Giötheborg[...] ,SE/KrA/0414/0013/0050 ,"Handritade Kartverk, Band 13: Delineationer och grundritningar fästningar och fort (Dahlberg), SE/KrA/0414/0013/0050 (1680) ",K0024336_00001 
  ,1634,1630,Band 11: Svenska planteboken (Örnehufvud) ,32. Adzill Anno 1634. ,SE/KrA/0414/0011/0032 ,"Handritade Kartverk, Band 11: Svenska planteboken (Örnehufvud), SE/KrA/0414/0011/0032 (1634) ",K0024270_00001 
  ,1648,1640,"Band 21: Ut- och inländska städer, slott, fästen m.m. (Dahlberg) ",N:o 52. Geometrischer Grundtriss der Stadt Erfurdt. Wie der selbe mihr von dem Ingenieurn auss Leibzigk Communiceret. ,SE/KrA/0414/0021/0074 ,"Handritade Kartverk, Band 21: Ut- och inländska städer, slott, fästen m.m. (Dahlberg), SE/KrA/0414/0021/0074 (1648) ",K0036073_00001 
  ,1699,1690,"Band 25: Plantas de diferentets plazas de Espania, Italia, Flandes, los Indias ","67. Planta Del La Ciudad De Giorgente. [Giorgente (ej ident.), Italien] ",SE/KrA/0414/0025/0079 ,"Handritade Kartverk, Band 25: Plantas de diferentets plazas de Espania, Italia, Flandes, los Indias, SE/KrA/0414/0025/0079 (1699) ",K0037978_00001 
  ,1696,1690,Band 13: Delineationer och grundritningar fästningar och fort (Dahlberg) ,51a. Geometrisch Plaan af dee Wärck som separera Flåttan och Wärfwet ifrån Staden Carlscrona[...] ,SE/KrA/0414/0013/0032 ,"Handritade Kartverk, Band 13: Delineationer och grundritningar fästningar och fort (Dahlberg), SE/KrA/0414/0013/0032 (1696) ",K0024326_00001 
  ,1699,1690,"Band 25: Plantas de diferentets plazas de Espania, Italia, Flandes, los Indias ",14. Planta De La Fortificacion De Peniscola. ,SE/KrA/0414/0025/0016 ,"Handritade Kartverk, Band 25: Plantas de diferentets plazas de Espania, Italia, Flandes, los Indias, SE/KrA/0414/0025/0016 (1699) ",K0037916_00001 
  ,1699,1690,"Band 25: Plantas de diferentets plazas de Espania, Italia, Flandes, los Indias ",12. Planta De Lagos. ,SE/KrA/0414/0025/0013 ,"Handritade Kartverk, Band 25: Plantas de diferentets plazas de Espania, Italia, Flandes, los Indias, SE/KrA/0414/0025/0013 (1699) ",K0037915_00001 
  ,1699,1690,"Band 25: Plantas de diferentets plazas de Espania, Italia, Flandes, los Indias ","91. Planta Del Fuerte Sandoal. [Sandoal (ej ident.), Italien] ",SE/KrA/0414/0025/0108 ,"Handritade Kartverk, Band 25: Plantas de diferentets plazas de Espania, Italia, Flandes, los Indias, SE/KrA/0414/0025/0108 (1699) ",K0038004_00001 
  ,1699,1690,"Band 25: Plantas de diferentets plazas de Espania, Italia, Flandes, los Indias ",72. Fuerca De Palomar De Trapani. ,SE/KrA/0414/0025/0089 ,"Handritade Kartverk, Band 25: Plantas de diferentets plazas de Espania, Italia, Flandes, los Indias, SE/KrA/0414/0025/0089 (1699) ",K0037988_00001 
  ,1648,1640,"Band 21: Ut- och inländska städer, slott, fästen m.m. (Dahlberg) ",N:o 35. Geometrisch Plan der Vostung Nienburg. Anno 1648. ,SE/KrA/0414/0021/0047 ,"Handritade Kartverk, Band 21: Ut- och inländska städer, slott, fästen m.m. (Dahlberg), SE/KrA/0414/0021/0047 (1648) ",K0024398_00001 
  ,1692,1690,Band 13: Delineationer och grundritningar fästningar och fort (Dahlberg) ,404. Dessein opå en hwälfd Hufwa öfwer Hwalfisk Tornet[...]1692.      Dessein öfwer Hwalfisk Tornet[...]1693.      Delineation af Hwalfisken för Wissmar sambt 1693[...].      Delineation öfwer Tornet på Hwalfisken iepte 1694[...] ,SE/KrA/0414/0013/0292 ,"Handritade Kartverk, Band 13: Delineationer och grundritningar fästningar och fort (Dahlberg), SE/KrA/0414/0013/0292 (1692) ",K0024385_00001 
  ,1731,1730,Band 2: Vägkarteboken ,No 13. Geographisk Charta öfwer Landswägarne igenom Elfsborgs Lähn och Dahl[...] ,SE/KrA/0414/0002/0013 ,"Handritade Kartverk, Band 2: Vägkarteboken, SE/KrA/0414/0002/0013 (1731) ",K0036050_00001 
  ,1697,1690,Band 13: Delineationer och grundritningar fästningar och fort (Dahlberg) ,75. Geometrisch Delineation af SiööCastelet Dronningeskiäär. ,SE/KrA/0414/0013/0042 ,"Handritade Kartverk, Band 13: Delineationer och grundritningar fästningar och fort (Dahlberg), SE/KrA/0414/0013/0042 (1697) ",K0024333_00001 
  ,1699,1690,"Band 25: Plantas de diferentets plazas de Espania, Italia, Flandes, los Indias ",27. Planta De Fraga. ,SE/KrA/0414/0025/0030 ,"Handritade Kartverk, Band 25: Plantas de diferentets plazas de Espania, Italia, Flandes, los Indias, SE/KrA/0414/0025/0030 (1699) ",K0037930_00001 
  ,1648,1640,"Band 21: Ut- och inländska städer, slott, fästen m.m. (Dahlberg) ",N:o 30. Langenwedel. ,SE/KrA/0414/0021/0042 ,"Handritade Kartverk, Band 21: Ut- och inländska städer, slott, fästen m.m. (Dahlberg), SE/KrA/0414/0021/0042 (1648) ",K0024397_00001 
  ,1699,1690,"Band 25: Plantas de diferentets plazas de Espania, Italia, Flandes, los Indias ",60. Segundo Castillo De La Habana. ,SE/KrA/0414/0025/0069 ,"Handritade Kartverk, Band 25: Plantas de diferentets plazas de Espania, Italia, Flandes, los Indias, SE/KrA/0414/0025/0069 (1699) ",K0037968_00001 
  ,1699,1690,"Band 25: Plantas de diferentets plazas de Espania, Italia, Flandes, los Indias ",28. Golfo De Mallorca. ,SE/KrA/0414/0025/0032 ,"Handritade Kartverk, Band 25: Plantas de diferentets plazas de Espania, Italia, Flandes, los Indias, SE/KrA/0414/0025/0032 (1699) ",K0037932_00001 
  ,1699,1690,"Band 25: Plantas de diferentets plazas de Espania, Italia, Flandes, los Indias ","98. Puerto Para Hazerce En Vari Gotto Para El Final. [Finale Ligure, Italien] ",SE/KrA/0414/0025/0115 ,"Handritade Kartverk, Band 25: Plantas de diferentets plazas de Espania, Italia, Flandes, los Indias, SE/KrA/0414/0025/0115 (1699) ",K0036081_00001 
  ,1648,1640,"Band 21: Ut- och inländska städer, slott, fästen m.m. (Dahlberg) ",N:o 37. Pistill. ,SE/KrA/0414/0021/0053 ,"Handritade Kartverk, Band 21: Ut- och inländska städer, slott, fästen m.m. (Dahlberg), SE/KrA/0414/0021/0053 (1648) ",K0037895_00001 
  ,1699,1690,"Band 25: Plantas de diferentets plazas de Espania, Italia, Flandes, los Indias ","67. Perspectiva Del Castillo De Giorgente. [Giorgente (ej ident.), Italien] ",SE/KrA/0414/0025/0078 ,"Handritade Kartverk, Band 25: Plantas de diferentets plazas de Espania, Italia, Flandes, los Indias, SE/KrA/0414/0025/0078 (1699) ",K0037977_00001 
  ,1648,1640,"Band 21: Ut- och inländska städer, slott, fästen m.m. (Dahlberg) ",N:o 16. Geometrisch Plan der Stadt Colberg Anno 1648. ,SE/KrA/0414/0021/0017 ,"Handritade Kartverk, Band 21: Ut- och inländska städer, slott, fästen m.m. (Dahlberg), SE/KrA/0414/0021/0017 (1648) ",K0025722_00001 
  ,1674,1670,Band 11: Svenska planteboken (Örnehufvud) ,"[Stockholm, Arsenal.] ",SE/KrA/0414/0011/0005 ,"Handritade Kartverk, Band 11: Svenska planteboken (Örnehufvud), SE/KrA/0414/0011/0005 (1674) ",K0024243_00001 
  ,1635,1630,"Band 12: Svenska och utländska slott, städer och fästen (Thomé) ",No 2. Elbing. ,SE/KrA/0414/0012/0002 ,"Handritade Kartverk, Band 12: Svenska och utländska slott, städer och fästen (Thomé), SE/KrA/0414/0012/0002 (1635) ",K0024286_00001 
  ,1699,1690,"Band 25: Plantas de diferentets plazas de Espania, Italia, Flandes, los Indias ","65. Castillo Del S:mo Salvador. [San Salvador, Italien] ",SE/KrA/0414/0025/0074 ,"Handritade Kartverk, Band 25: Plantas de diferentets plazas de Espania, Italia, Flandes, los Indias, SE/KrA/0414/0025/0074 (1699) ",K0037973_00001 
  ,1694,1690,Band 13: Delineationer och grundritningar fästningar och fort (Dahlberg) ,70. Geometrisch Delineation af Siöö Castelet Dronningskäär[...] ,SE/KrA/0414/0013/0038 ,"Handritade Kartverk, Band 13: Delineationer och grundritningar fästningar och fort (Dahlberg), SE/KrA/0414/0013/0038 (1694) ",K0024331_00001 
  ,1687,1680,Band 13: Delineationer och grundritningar fästningar och fort (Dahlberg) ,260. Geometrisch Plaan uthaf Riga Casteel. ,SE/KrA/0414/0013/0180 ,"Handritade Kartverk, Band 13: Delineationer och grundritningar fästningar och fort (Dahlberg), SE/KrA/0414/0013/0180 (1687) ",K0024373_00001 
  ,1743,1740,Band 3: Norrland med delar af Lappland ,1:0. Charta öfwer Wästerbottns Höfdingedöme och dertil hörande Lappmarker. ,SE/KrA/0414/0003/0001 ,"Handritade Kartverk, Band 3: Norrland med delar af Lappland, SE/KrA/0414/0003/0001 (1743) ",K0024238_00001 
  ,1633,1630,"Band 12: Svenska och utländska slott, städer och fästen (Thomé) ",No 16. Riga[...] ,SE/KrA/0414/0012/0016 ,"Handritade Kartverk, Band 12: Svenska och utländska slott, städer och fästen (Thomé), SE/KrA/0414/0012/0016 (1633) ",K0024300_00001 
  ,1685,1680,Band 13: Delineationer och grundritningar fästningar och fort (Dahlberg) ,95. Fästningen Giötheborgh[...] ,SE/KrA/0414/0013/0057 ,"Handritade Kartverk, Band 13: Delineationer och grundritningar fästningar och fort (Dahlberg), SE/KrA/0414/0013/0057 (1685) ",K0036060_00001 
  ,1699,1690,"Band 25: Plantas de diferentets plazas de Espania, Italia, Flandes, los Indias ",95. Planta De La Ciudad De Alessandria. ,SE/KrA/0414/0025/0112 ,"Handritade Kartverk, Band 25: Plantas de diferentets plazas de Espania, Italia, Flandes, los Indias, SE/KrA/0414/0025/0112 (1699) ",K0038008_00001 
  ,1685,1680,Band 13: Delineationer och grundritningar fästningar och fort (Dahlberg) ,203. Plaan aff Staden och festningen Narfwen[...] ,SE/KrA/0414/0013/0134 ,"Handritade Kartverk, Band 13: Delineationer och grundritningar fästningar och fort (Dahlberg), SE/KrA/0414/0013/0134 (1685) ",K0037892_00001 
  ,1679,1670,Band 13: Delineationer och grundritningar fästningar och fort (Dahlberg) ,8. Delineation af Calmare[...] ,SE/KrA/0414/0013/0007 ,"Handritade Kartverk, Band 13: Delineationer och grundritningar fästningar och fort (Dahlberg), SE/KrA/0414/0013/0007 (1679) ",K0024311_00001 
  ,1677,1670,Band 13: Delineationer och grundritningar fästningar och fort (Dahlberg) ,85. Geometrisch Plaan Af fästningen Giötheborg[...] ,SE/KrA/0414/0013/0047 ,"Handritade Kartverk, Band 13: Delineationer och grundritningar fästningar och fort (Dahlberg), SE/KrA/0414/0013/0047 (1677) ",K0036052_00001 
  ,1699,1690,"Band 25: Plantas de diferentets plazas de Espania, Italia, Flandes, los Indias ","41. Planta Del Castillo Y Villa De Belver. [Bellver, Spanien] ",SE/KrA/0414/0025/0047 ,"Handritade Kartverk, Band 25: Plantas de diferentets plazas de Espania, Italia, Flandes, los Indias, SE/KrA/0414/0025/0047 (1699) ",K0037946_00001 
  ,1699,1690,"Band 25: Plantas de diferentets plazas de Espania, Italia, Flandes, los Indias ","58. La Ciudad De Damao. [Damão, Indien] ",SE/KrA/0414/0025/0067 ,"Handritade Kartverk, Band 25: Plantas de diferentets plazas de Espania, Italia, Flandes, los Indias, SE/KrA/0414/0025/0067 (1699) ",K0037966_00001 
  ,1699,1690,"Band 25: Plantas de diferentets plazas de Espania, Italia, Flandes, los Indias ",66. Planta Del Castillo De Sciacca. ,SE/KrA/0414/0025/0075 ,"Handritade Kartverk, Band 25: Plantas de diferentets plazas de Espania, Italia, Flandes, los Indias, SE/KrA/0414/0025/0075 (1699) ",K0037974_00001 
  ,1682,1680,Band 13: Delineationer och grundritningar fästningar och fort (Dahlberg) ,292-293. Geometrisch Delineation opå festningen Nymynde[...] ,SE/KrA/0414/0013/0205 ,"Handritade Kartverk, Band 13: Delineationer och grundritningar fästningar och fort (Dahlberg), SE/KrA/0414/0013/0205 (1682) ",K0024377_00001 
  ,1699,1690,"Band 25: Plantas de diferentets plazas de Espania, Italia, Flandes, los Indias ",82. Planta De Mortara. ,SE/KrA/0414/0025/0099 ,"Handritade Kartverk, Band 25: Plantas de diferentets plazas de Espania, Italia, Flandes, los Indias, SE/KrA/0414/0025/0099 (1699) ",K0024418_00001 
  ,1699,1690,"Band 25: Plantas de diferentets plazas de Espania, Italia, Flandes, los Indias ",36. Planta Del Lugar De Flix En La Castellania. ,SE/KrA/0414/0025/0041 ,"Handritade Kartverk, Band 25: Plantas de diferentets plazas de Espania, Italia, Flandes, los Indias, SE/KrA/0414/0025/0041 (1699) ",K0037941_00001 
  ,1699,1690,"Band 25: Plantas de diferentets plazas de Espania, Italia, Flandes, los Indias ",5. Lugar Del Almendral. ,SE/KrA/0414/0025/0006 ,"Handritade Kartverk, Band 25: Plantas de diferentets plazas de Espania, Italia, Flandes, los Indias, SE/KrA/0414/0025/0006 (1699) ",K0037909_00001 
